Pagamentos feitos pelo governo federal Atualizados pelo IPCA.,,,
HOSPFAR IND E COM DE PRODUTOS HOSPITALARES LTDA 26.921.908/0001-21 ,,,
órgão,subordinado a,montante,ano
COORDENACAO DE EXECUCAO ORC. E FINANCEIRA,"Ministério do Planejamento, Orçamento e Gestão",2098,2011
COORDENACAO DE EXECUCAO ORC. E FINANCEIRA,"Ministério do Planejamento, Orçamento e Gestão",27557,2012
EMBRAPA/AGROENERGIA,"Ministério da Agricultura, Pecuária e Abastecimento",969,2011
SUPERINTENDÊNCIA DE ADMINISTRAÇÃO DO MF/DF,Ministério da Fazenda,170,2012
FCDF SSP   POLICIA MILITAR DO DF,"Transferências a Estados, Distrito Federal e Municípios",9,2012
FCDF SSP   POLICIA CIVIL DO DF,"Transferências a Estados, Distrito Federal e Municípios",20870,2011
FCDF SSP   POLICIA CIVIL DO DF,"Transferências a Estados, Distrito Federal e Municípios",30367,2012
FCDF SSP   POLICIA CIVIL DO DF,"Transferências a Estados, Distrito Federal e Municípios",8495,2013
FCDF - CBMDF - ASSISTENCIA MEDICA,"Transferências a Estados, Distrito Federal e Municípios",10627,2013
FCDF - CBMDF - ASSISTENCIA MEDICA,"Transferências a Estados, Distrito Federal e Municípios",8394,2014
FUND. UNIVERSIDADE FEDERAL VALE SAO FRANCISCO,Ministério da Educação,103592,2011
FUND. UNIVERSIDADE FEDERAL VALE SAO FRANCISCO,Ministério da Educação,3041,2013
MATERNIDADE CLIMERIO DE OLIVEIRA,Ministério da Educação,5706,2011
MATERNIDADE CLIMERIO DE OLIVEIRA,Ministério da Educação,3592,2012
MATERNIDADE CLIMERIO DE OLIVEIRA,Ministério da Educação,12270,2014
MATERNIDADE CLIMERIO DE OLIVEIRA,Ministério da Educação,2867,2015
MATERNIDADE CLIMERIO DE OLIVEIRA,Ministério da Educação,9108,2016
HOSPITAL PROF. EDGARD SANTOS DA UFBA,Ministério da Educação,942402,2011
HOSPITAL PROF. EDGARD SANTOS DA UFBA,Ministério da Educação,108127,2012
HOSPITAL PROF. EDGARD SANTOS DA UFBA,Ministério da Educação,21578,2013
HOSPITAL PROF. EDGARD SANTOS DA UFBA,Ministério da Educação,23498,2014
HOSPITAL PROF. EDGARD SANTOS DA UFBA,Ministério da Educação,369551,2015
HOSPITAL PROF. EDGARD SANTOS DA UFBA,Ministério da Educação,446180,2016
HOSPITAL PROF. EDGARD SANTOS DA UFBA,Ministério da Educação,577018,2017
HOSPITAL UNIVERSITARIO WALTER CANTIDIO,Ministério da Educação,116828,2011
HOSPITAL UNIVERSITARIO WALTER CANTIDIO,Ministério da Educação,69758,2012
HOSPITAL UNIVERSITARIO WALTER CANTIDIO,Ministério da Educação,142899,2013
HOSPITAL UNIVERSITARIO WALTER CANTIDIO,Ministério da Educação,69693,2014
HOSPITAL UNIVERSITARIO WALTER CANTIDIO,Ministério da Educação,351472,2015
HOSPITAL UNIVERSITARIO WALTER CANTIDIO,Ministério da Educação,603515,2016
HOSPITAL UNIVERSITARIO WALTER CANTIDIO,Ministério da Educação,1506080,2017
MATERNIDADE ESCOLA ASSIS CHATEAUBRIAND,Ministério da Educação,101661,2013
MATERNIDADE ESCOLA ASSIS CHATEAUBRIAND,Ministério da Educação,19860,2014
MATERNIDADE ESCOLA ASSIS CHATEAUBRIAND,Ministério da Educação,23117,2015
MATERNIDADE ESCOLA ASSIS CHATEAUBRIAND,Ministério da Educação,28018,2016
MATERNIDADE ESCOLA ASSIS CHATEAUBRIAND,Ministério da Educação,438,2017
UNIVERSIDADE FEDERAL DO ESPIRITO SANTO,Ministério da Educação,827,2014
HOSPITAL DAS CLINICAS DA UFGO,Ministério da Educação,4543133,2011
HOSPITAL DAS CLINICAS DA UFGO,Ministério da Educação,5580946,2012
HOSPITAL DAS CLINICAS DA UFGO,Ministério da Educação,3062953,2013
HOSPITAL DAS CLINICAS DA UFGO,Ministério da Educação,2461279,2014
HOSPITAL DAS CLINICAS DA UFGO,Ministério da Educação,2435232,2015
HOSPITAL DAS CLINICAS DA UFGO,Ministério da Educação,732197,2016
HOSPITAL DAS CLINICAS DA UFGO,Ministério da Educação,1027624,2017
PRO-REITORIA DE ADMINISTRACAO/UFF,Ministério da Educação,6097,2011
PRO-REITORIA DE ADMINISTRACAO/UFF,Ministério da Educação,7099,2012
PRO-REITORIA DE ADMINISTRACAO/UFF,Ministério da Educação,2819,2013
PRO-REITORIA DE GRADUAÇÃO/UFF,Ministério da Educação,1358,2013
HOSPITAL UNIVERSITARIO,Ministério da Educação,54139,2011
HOSPITAL UNIVERSITARIO,Ministério da Educação,155915,2012
HOSPITAL UNIVERSITARIO,Ministério da Educação,116563,2013
HOSPITAL UNIVERSITARIO,Ministério da Educação,71466,2014
HOSPITAL UNIVERSITARIO,Ministério da Educação,158673,2015
HOSPITAL UNIVERSITARIO,Ministério da Educação,79110,2016
UNIVERSIDADE FEDERAL DO PARA,Ministério da Educação,596,2015
UNIVERSIDADE FEDERAL DO PARA,Ministério da Educação,24374,2016
HOSPITAL UNIVERSITARIO LAURO WANDERLEY-UFPB,Ministério da Educação,1424,2011
HOSPITAL UNIVERSITARIO LAURO WANDERLEY-UFPB,Ministério da Educação,63955,2012
HOSPITAL UNIVERSITARIO LAURO WANDERLEY-UFPB,Ministério da Educação,1670,2013
HOSPITAL UNIVERSITARIO LAURO WANDERLEY-UFPB,Ministério da Educação,11417,2014
HOSPITAL UNIVERSITARIO LAURO WANDERLEY-UFPB,Ministério da Educação,120904,2015
HOSPITAL UNIVERSITARIO LAURO WANDERLEY-UFPB,Ministério da Educação,12896,2016
HOSPITAL UNIVERSITARIO ANA BEZERRA,Ministério da Educação,1342,2011
HOSPITAL UNIVERSITARIO ANA BEZERRA,Ministério da Educação,2361,2013
HOSPITAL UNIVERSITARIO ANA BEZERRA,Ministério da Educação,1289,2014
HOSPITAL UNIVERSITARIO ONOFRE LOPES DA UFRN,Ministério da Educação,149407,2011
HOSPITAL UNIVERSITARIO ONOFRE LOPES DA UFRN,Ministério da Educação,16793,2012
HOSPITAL UNIVERSITARIO ONOFRE LOPES DA UFRN,Ministério da Educação,39439,2013
HOSPITAL UNIVERSITARIO ONOFRE LOPES DA UFRN,Ministério da Educação,24745,2014
HOSPITAL UNIVERSITARIO ONOFRE LOPES DA UFRN,Ministério da Educação,8388,2015
MATERNIDADE ESCOLA JANUARIO CICCO DA UFRN,Ministério da Educação,869,2011
MATERNIDADE ESCOLA JANUARIO CICCO DA UFRN,Ministério da Educação,2415,2012
MATERNIDADE ESCOLA JANUARIO CICCO DA UFRN,Ministério da Educação,15463,2013
MATERNIDADE ESCOLA JANUARIO CICCO DA UFRN,Ministério da Educação,56443,2014
MATERNIDADE ESCOLA JANUARIO CICCO DA UFRN,Ministério da Educação,6426,2015
HOSP.PEDIATRIA PROF. HERIBERTO F. BEZERRA,Ministério da Educação,264,2011
HOSP.PEDIATRIA PROF. HERIBERTO F. BEZERRA,Ministério da Educação,3201,2012
HOSP.PEDIATRIA PROF. HERIBERTO F. BEZERRA,Ministério da Educação,759,2013
HOSP.PEDIATRIA PROF. HERIBERTO F. BEZERRA,Ministério da Educação,334,2014
INSTITUTO PUERIC. PED MAT. GESTEIRA DA UFRJ,Ministério da Educação,195831,2011
INSTITUTO PUERIC. PED MAT. GESTEIRA DA UFRJ,Ministério da Educação,160435,2012
INSTITUTO PUERIC. PED MAT. GESTEIRA DA UFRJ,Ministério da Educação,534333,2013
INSTITUTO PUERIC. PED MAT. GESTEIRA DA UFRJ,Ministério da Educação,874388,2014
INSTITUTO PUERIC. PED MAT. GESTEIRA DA UFRJ,Ministério da Educação,151314,2015
INSTITUTO PUERIC. PED MAT. GESTEIRA DA UFRJ,Ministério da Educação,343536,2016
INSTITUTO PUERIC. PED MAT. GESTEIRA DA UFRJ,Ministério da Educação,32435,2017
HOSPITAL UNIVERSITARIO DA UFRJ,Ministério da Educação,948027,2011
HOSPITAL UNIVERSITARIO DA UFRJ,Ministério da Educação,734640,2012
HOSPITAL UNIVERSITARIO DA UFRJ,Ministério da Educação,795612,2013
HOSPITAL UNIVERSITARIO DA UFRJ,Ministério da Educação,417755,2014
HOSPITAL UNIVERSITARIO DA UFRJ,Ministério da Educação,311365,2015
HOSPITAL UNIVERSITARIO DA UFRJ,Ministério da Educação,39991,2016
HOSPITAL UNIVERSITARIO DA UFRJ,Ministério da Educação,73509,2017
MATERNIDADE ESCOLA DA UFRJ,Ministério da Educação,20282,2016
MATERNIDADE ESCOLA DA UFRJ,Ministério da Educação,51059,2017
UNIVERSIDADE FEDERAL DE SANTA MARIA,Ministério da Educação,1644,2016
UNIVERSIDADE FEDERAL DE SANTA MARIA - HUSM,Ministério da Educação,59896,2011
UNIVERSIDADE FEDERAL DE SANTA MARIA - HUSM,Ministério da Educação,263418,2012
UNIVERSIDADE FEDERAL DE SANTA MARIA - HUSM,Ministério da Educação,159438,2013
UNIVERSIDADE FEDERAL DE SANTA MARIA - HUSM,Ministério da Educação,22019,2014
UNIVERSIDADE FEDERAL DE SANTA MARIA - HUSM,Ministério da Educação,19258,2015
UNIVERSIDADE FEDERAL DE ALFENAS,Ministério da Educação,3532,2014
UNIVERSIDADE FEDERAL DE ALFENAS,Ministério da Educação,6706,2015
UNIFESP-UNIVERSIDADE FEDERAL DE SAO PAULO,Ministério da Educação,396361,2011
UNIFESP-UNIVERSIDADE FEDERAL DE SAO PAULO,Ministério da Educação,1953144,2012
UNIVERSIDADE FEDERAL DE LAVRAS,Ministério da Educação,4455,2011
HOSPITAL UNIV. GAFFREE E GUINLE DA UNIRIO,Ministério da Educação,211563,2011
HOSPITAL UNIV. GAFFREE E GUINLE DA UNIRIO,Ministério da Educação,57350,2012
HOSPITAL UNIV. GAFFREE E GUINLE DA UNIRIO,Ministério da Educação,70177,2013
HOSPITAL UNIV. GAFFREE E GUINLE DA UNIRIO,Ministério da Educação,56448,2014
HOSPITAL UNIV. GAFFREE E GUINLE DA UNIRIO,Ministério da Educação,47798,2015
HOSPITAL UNIV. GAFFREE E GUINLE DA UNIRIO,Ministério da Educação,1806,2016
FUNDACAO UNIVERSIDADE DE BRASILIA - FUB,Ministério da Educação,6369,2012
FUNDACAO UNIVERSIDADE DE BRASILIA - FUB,Ministério da Educação,1896,2013
HOSPITAL UNIVERSITARIO DE BRASILIA - HUB,Ministério da Educação,704596,2011
HOSPITAL UNIVERSITARIO DE BRASILIA - HUB,Ministério da Educação,646258,2012
HOSPITAL UNIVERSITARIO DE BRASILIA - HUB,Ministério da Educação,1159701,2013
HOSPITAL UNIVERSITARIO DE BRASILIA - HUB,Ministério da Educação,253987,2014
HOSPITAL UNIVERSITARIO DE BRASILIA - HUB,Ministério da Educação,202056,2015
HOSPITAL UNIVERSITARIO DE BRASILIA - HUB,Ministério da Educação,15156,2016
UNIVERSIDADE FEDERAL DO RIO GRANDE - FURG,Ministério da Educação,16341,2011
UNIVERSIDADE FEDERAL DO RIO GRANDE - FURG,Ministério da Educação,55882,2012
UNIVERSIDADE FEDERAL DO RIO GRANDE - FURG,Ministério da Educação,8874,2014
UNIVERSIDADE FEDERAL DO RIO GRANDE - FURG,Ministério da Educação,16151,2015
UNIVERSIDADE FEDERAL DO RIO GRANDE - FURG,Ministério da Educação,1311,2016
UNIVERSIDADE FEDERAL DO RIO GRANDE - FURG,Ministério da Educação,10133,2017
HOSPITAL DE CLINICAS DA UFU,Ministério da Educação,38046,2011
HOSPITAL DE CLINICAS DA UFU,Ministério da Educação,290432,2012
HOSPITAL DE CLINICAS DA UFU,Ministério da Educação,229071,2013
HOSPITAL DE CLINICAS DA UFU,Ministério da Educação,296984,2014
HOSPITAL DE CLINICAS DA UFU,Ministério da Educação,122466,2015
HOSPITAL DE CLINICAS DA UFU,Ministério da Educação,186608,2016
FUNDACAO UNIVERSIDADE FEDERAL DE MATO GROSSO,Ministério da Educação,4110,2011
FUNDACAO UNIVERSIDADE FEDERAL DE MATO GROSSO,Ministério da Educação,265,2012
FUNDACAO UNIVERSIDADE FEDERAL DE MATO GROSSO,Ministério da Educação,253,2015
FUNDACAO UNIVERSIDADE FEDERAL DE MATO GROSSO,Ministério da Educação,5229,2016
FUNDACAO UNIVERSIDADE FEDERAL DE MATO GROSSO,Ministério da Educação,34710,2017
HOSPITAL UNIVERSITARIO DA UFPI,Ministério da Educação,4870,2013
FUNDACAO UNIVERSIDADE FEDERAL DO PIAUI,Ministério da Educação,13389,2015
PROGRAMA DE ASSISTENCIA A SAUDE DA UFMS,Ministério da Educação,9073,2016
FUNDACAO UNIVERS.FED. DE MATO GROSSO DO SUL,Ministério da Educação,4900,2013
FUNDACAO UNIVERS.FED. DE MATO GROSSO DO SUL,Ministério da Educação,570,2015
HOSPITAL DE CLINICAS DE PORTO ALEGRE,Ministério da Educação,285291,2011
HOSPITAL DE CLINICAS DE PORTO ALEGRE,Ministério da Educação,436840,2012
HOSPITAL DE CLINICAS DE PORTO ALEGRE,Ministério da Educação,841295,2013
HOSPITAL DE CLINICAS DE PORTO ALEGRE,Ministério da Educação,56315,2014
HOSPITAL DE CLINICAS DE PORTO ALEGRE,Ministério da Educação,354489,2015
HOSPITAL DE CLINICAS DE PORTO ALEGRE,Ministério da Educação,745310,2016
HOSPITAL DE CLINICAS DE PORTO ALEGRE,Ministério da Educação,38644,2017
HOSPITAL UNIVERSITARIO PROF ALBERTO ANTUNES,Ministério da Educação,65597,2011
HOSPITAL UNIVERSITARIO PROF ALBERTO ANTUNES,Ministério da Educação,60649,2012
HOSPITAL UNIVERSITARIO PROF ALBERTO ANTUNES,Ministério da Educação,126203,2013
HOSPITAL UNIVERSITARIO PROF ALBERTO ANTUNES,Ministério da Educação,71847,2014
HOSPITAL UNIVERSITARIO PROF ALBERTO ANTUNES,Ministério da Educação,192678,2015
HOSPITAL UNIVERSITARIO PROF ALBERTO ANTUNES,Ministério da Educação,313335,2016
HOSPITAL UNIVERSITARIO PROF ALBERTO ANTUNES,Ministério da Educação,8433,2017
COMPLEXO HOSPITALAR E DE SAUDE DA UFBA,Ministério da Educação,122978,2011
COMPLEXO HOSPITALAR E DE SAUDE DA UFBA,Ministério da Educação,173382,2012
COMPLEXO HOSPITALAR E DE SAUDE DA UFBA,Ministério da Educação,96929,2013
COMPLEXO HOSPITALAR E DE SAUDE DA UFBA,Ministério da Educação,20625,2014
COMPLEXO HOSPITALAR E DE SAUDE DA UFBA,Ministério da Educação,11241,2015
COMPLEXO HOSPITALAR E DE SAUDE DA UFBA,Ministério da Educação,22139,2017
HOSPITAL UNIVERSITARIO C. ANTONIO MORAIS/UFES,Ministério da Educação,115244,2011
HOSPITAL UNIVERSITARIO C. ANTONIO MORAIS/UFES,Ministério da Educação,652335,2012
HOSPITAL UNIVERSITARIO C. ANTONIO MORAIS/UFES,Ministério da Educação,493287,2013
HOSPITAL UNIVERSITARIO C. ANTONIO MORAIS/UFES,Ministério da Educação,880213,2014
HOSPITAL UNIVERSITARIO C. ANTONIO MORAIS/UFES,Ministério da Educação,967277,2015
HOSPITAL UNIVERSITARIO C. ANTONIO MORAIS/UFES,Ministério da Educação,556852,2016
HOSPITAL UNIVERSITARIO C. ANTONIO MORAIS/UFES,Ministério da Educação,114402,2017
HOSPITAL UNIVERSITARIO ANTONIO PEDRO DA UFF,Ministério da Educação,236266,2011
HOSPITAL UNIVERSITARIO ANTONIO PEDRO DA UFF,Ministério da Educação,291547,2012
HOSPITAL UNIVERSITARIO ANTONIO PEDRO DA UFF,Ministério da Educação,1097204,2013
HOSPITAL UNIVERSITARIO ANTONIO PEDRO DA UFF,Ministério da Educação,1116066,2014
HOSPITAL UNIVERSITARIO ANTONIO PEDRO DA UFF,Ministério da Educação,218803,2015
HOSPITAL UNIVERSITARIO ANTONIO PEDRO DA UFF,Ministério da Educação,447666,2016
HOSPITAL UNIVERSITARIO ANTONIO PEDRO DA UFF,Ministério da Educação,6682,2017
HOSPITAL CLINICAS/UFMG,Ministério da Educação,840502,2011
HOSPITAL CLINICAS/UFMG,Ministério da Educação,1587517,2012
HOSPITAL CLINICAS/UFMG,Ministério da Educação,3424718,2013
HOSPITAL CLINICAS/UFMG,Ministério da Educação,2971094,2014
HOSPITAL CLINICAS/UFMG,Ministério da Educação,2301859,2015
HOSPITAL CLINICAS/UFMG,Ministério da Educação,1057902,2016
HOSPITAL CLINICAS/UFMG,Ministério da Educação,4759828,2017
HOSPITAL UNIVERSITARIO JOAO DE BARROS BARRETO,Ministério da Educação,451507,2011
HOSPITAL UNIVERSITARIO JOAO DE BARROS BARRETO,Ministério da Educação,222330,2012
HOSPITAL UNIVERSITARIO JOAO DE BARROS BARRETO,Ministério da Educação,266649,2013
HOSPITAL UNIVERSITARIO JOAO DE BARROS BARRETO,Ministério da Educação,185082,2014
HOSPITAL UNIVERSITARIO JOAO DE BARROS BARRETO,Ministério da Educação,210509,2015
HOSPITAL UNIVERSITARIO JOAO DE BARROS BARRETO,Ministério da Educação,96338,2016
HOSPITAL UNIVERSITARIO JOAO DE BARROS BARRETO,Ministério da Educação,99091,2017
HOSPITAL UNIVERSITÁRIO BETTINA FERRO DE SOUZA,Ministério da Educação,2694,2012
HOSPITAL UNIVERSITÁRIO BETTINA FERRO DE SOUZA,Ministério da Educação,863,2013
HOSPITAL UNIVERSITÁRIO BETTINA FERRO DE SOUZA,Ministério da Educação,6623,2014
HOSPITAL UNIVERSITÁRIO BETTINA FERRO DE SOUZA,Ministério da Educação,39,2015
HOSPITAL UNIVERSITÁRIO BETTINA FERRO DE SOUZA,Ministério da Educação,1113,2016
HOSPITAL UNIVERSITÁRIO BETTINA FERRO DE SOUZA,Ministério da Educação,5621,2017
HOSPITAL DE CLINICAS DA UFPR,Ministério da Educação,2353081,2011
HOSPITAL DE CLINICAS DA UFPR,Ministério da Educação,954301,2012
HOSPITAL DE CLINICAS DA UFPR,Ministério da Educação,718896,2013
HOSPITAL DE CLINICAS DA UFPR,Ministério da Educação,116439,2014
HOSPITAL DE CLINICAS DA UFPR,Ministério da Educação,226824,2015
HOSPITAL DE CLINICAS DA UFPR,Ministério da Educação,129127,2016
HOSPITAL DE CLINICAS DA UFPR,Ministério da Educação,394760,2017
HOSPITAL DAS CLINICAS - UFPE,Ministério da Educação,701012,2011
HOSPITAL DAS CLINICAS - UFPE,Ministério da Educação,742188,2012
HOSPITAL DAS CLINICAS - UFPE,Ministério da Educação,260123,2013
HOSPITAL DAS CLINICAS - UFPE,Ministério da Educação,304677,2014
HOSPITAL DAS CLINICAS - UFPE,Ministério da Educação,265020,2015
HOSPITAL DAS CLINICAS - UFPE,Ministério da Educação,289822,2016
HOSPITAL DAS CLINICAS - UFPE,Ministério da Educação,59224,2017
HOSPITAL UNIVERSITARIO (HU/UFGD),Ministério da Educação,227484,2011
HOSPITAL UNIVERSITARIO (HU/UFGD),Ministério da Educação,1116103,2012
HOSPITAL UNIVERSITARIO (HU/UFGD),Ministério da Educação,194822,2013
HOSPITAL UNIVERSITARIO (HU/UFGD),Ministério da Educação,667394,2014
HOSPITAL UNIVERSITARIO (HU/UFGD),Ministério da Educação,547729,2015
HOSPITAL UNIVERSITARIO (HU/UFGD),Ministério da Educação,511817,2016
HOSPITAL UNIVERSITARIO (HU/UFGD),Ministério da Educação,293112,2017
HOSPITAL UNIVERSITARIO - UFSC,Ministério da Educação,86687,2011
HOSPITAL UNIVERSITARIO - UFSC,Ministério da Educação,33362,2012
HOSPITAL UNIVERSITARIO - UFSC,Ministério da Educação,23353,2013
HOSPITAL UNIVERSITARIO - UFSC,Ministério da Educação,95271,2014
HOSPITAL UNIVERSITARIO - UFSC,Ministério da Educação,98244,2015
HOSPITAL UNIVERSITARIO - UFSC,Ministério da Educação,47000,2016
HOSPITAL UNIVERSITARIO - UFSC,Ministério da Educação,423243,2017
HOSPITAL UNIVERSITARIO ALCIDES CARNEIRO/UFCG,Ministério da Educação,3321,2011
HOSPITAL UNIVERSITARIO ALCIDES CARNEIRO/UFCG,Ministério da Educação,34792,2012
HOSPITAL UNIVERSITARIO ALCIDES CARNEIRO/UFCG,Ministério da Educação,4331,2013
HOSPITAL UNIVERSITARIO ALCIDES CARNEIRO/UFCG,Ministério da Educação,5219,2014
HOSPITAL UNIVERSITARIO ALCIDES CARNEIRO/UFCG,Ministério da Educação,14008,2015
HOSPITAL UNIVERSITARIO ALCIDES CARNEIRO/UFCG,Ministério da Educação,49875,2016
HOSPITAL UNIVERSITARIO ALCIDES CARNEIRO/UFCG,Ministério da Educação,247309,2017
HOSPITAL DE CLÍNICAS DA UFTM,Ministério da Educação,150488,2011
HOSPITAL DE CLÍNICAS DA UFTM,Ministério da Educação,136132,2012
HOSPITAL DE CLÍNICAS DA UFTM,Ministério da Educação,460074,2013
HOSPITAL DE CLÍNICAS DA UFTM,Ministério da Educação,201430,2014
HOSPITAL DE CLÍNICAS DA UFTM,Ministério da Educação,139479,2015
HOSPITAL DE CLÍNICAS DA UFTM,Ministério da Educação,60782,2016
HOSPITAL DE CLÍNICAS DA UFTM,Ministério da Educação,26198,2017
HOSPITAL UNIVERSITARIO GETULIO VARGAS,Ministério da Educação,45578,2011
HOSPITAL UNIVERSITARIO GETULIO VARGAS,Ministério da Educação,228686,2012
HOSPITAL UNIVERSITARIO GETULIO VARGAS,Ministério da Educação,49779,2013
HOSPITAL UNIVERSITARIO GETULIO VARGAS,Ministério da Educação,40352,2014
HOSPITAL UNIVERSITARIO GETULIO VARGAS,Ministério da Educação,45361,2015
HOSPITAL UNIVERSITARIO GETULIO VARGAS,Ministério da Educação,108752,2016
HOSPITAL UNIVERSITARIO GETULIO VARGAS,Ministério da Educação,249974,2017
HOSPITAL UNIVERSITARIO,Ministério da Educação,311522,2011
HOSPITAL UNIVERSITARIO,Ministério da Educação,124804,2012
HOSPITAL UNIVERSITARIO,Ministério da Educação,215909,2013
HOSPITAL UNIVERSITARIO,Ministério da Educação,109083,2014
HOSPITAL UNIVERSITARIO,Ministério da Educação,133140,2015
HOSPITAL UNIVERSITARIO,Ministério da Educação,102324,2016
HOSPITAL UNIVERSITARIO,Ministério da Educação,27666,2017
HOSPITAL UNIVERSITARIO JULIO MULLER DA FUFMT,Ministério da Educação,731722,2011
HOSPITAL UNIVERSITARIO JULIO MULLER DA FUFMT,Ministério da Educação,618500,2012
HOSPITAL UNIVERSITARIO JULIO MULLER DA FUFMT,Ministério da Educação,996477,2013
HOSPITAL UNIVERSITARIO JULIO MULLER DA FUFMT,Ministério da Educação,1015685,2014
HOSPITAL UNIVERSITARIO JULIO MULLER DA FUFMT,Ministério da Educação,900040,2015
HOSPITAL UNIVERSITARIO JULIO MULLER DA FUFMT,Ministério da Educação,574738,2016
HOSPITAL UNIVERSITARIO JULIO MULLER DA FUFMT,Ministério da Educação,1398426,2017
HOSPITAL ESCOLA DA UFPEL,Ministério da Educação,2102,2011
HOSPITAL ESCOLA DA UFPEL,Ministério da Educação,4073,2012
HOSPITAL ESCOLA DA UFPEL,Ministério da Educação,1518,2013
HOSPITAL ESCOLA DA UFPEL,Ministério da Educação,918,2014
HOSPITAL ESCOLA DA UFPEL,Ministério da Educação,46464,2015
HOSPITAL ESCOLA DA UFPEL,Ministério da Educação,363,2016
HOSPITAL ESCOLA DA UFPEL,Ministério da Educação,1481,2017
HOSPITAL UNIVERSITARIO DA FUFSE,Ministério da Educação,5131,2011
HOSPITAL UNIVERSITARIO DA FUFSE,Ministério da Educação,60914,2014
HOSPITAL UNIVERSITARIO MARIA AP. PEDROSSIAM,Ministério da Educação,1669628,2011
HOSPITAL UNIVERSITARIO MARIA AP. PEDROSSIAM,Ministério da Educação,1679753,2012
HOSPITAL UNIVERSITARIO MARIA AP. PEDROSSIAM,Ministério da Educação,1916921,2013
HOSPITAL UNIVERSITARIO MARIA AP. PEDROSSIAM,Ministério da Educação,2154588,2014
HOSPITAL UNIVERSITARIO MARIA AP. PEDROSSIAM,Ministério da Educação,865969,2015
HOSPITAL UNIVERSITARIO MARIA AP. PEDROSSIAM,Ministério da Educação,269,2016
DEPEN/DIRETORIA DO SISTEMA PENITENC. FEDERAL,Ministério da Justiça,3984,2013
FUNDACAO OSWALDO CRUZ,Ministério da Saúde,86290,2011
FUNDACAO OSWALDO CRUZ,Ministério da Saúde,37875,2012
FUNDACAO OSWALDO CRUZ,Ministério da Saúde,160623,2013
FUNDACAO OSWALDO CRUZ,Ministério da Saúde,55348,2014
CENTRO DE PESQUISAS RENE RACHOU,Ministério da Saúde,20131,2011
INSTITUTO DE TECNOLOGIA EM FARMACOS,Ministério da Saúde,5149,2011
INSTITUTO DE TECNOLOGIA EM FARMACOS,Ministério da Saúde,9923,2016
INSTITUTO FERNANDES FIGUEIRA,Ministério da Saúde,58361,2011
INSTITUTO FERNANDES FIGUEIRA,Ministério da Saúde,83922,2012
INSTITUTO FERNANDES FIGUEIRA,Ministério da Saúde,75720,2013
INSTITUTO FERNANDES FIGUEIRA,Ministério da Saúde,84117,2014
INSTITUTO FERNANDES FIGUEIRA,Ministério da Saúde,64562,2015
INSTITUTO FERNANDES FIGUEIRA,Ministério da Saúde,39124,2016
INSTITUTO FERNANDES FIGUEIRA,Ministério da Saúde,1057,2017
ESCOLA NAC. DE SAUDE PÚBLICA SÉRGIO AROUCA,Ministério da Saúde,529,2011
ESCOLA NAC. DE SAUDE PÚBLICA SÉRGIO AROUCA,Ministério da Saúde,2037,2012
INSTITUTO OSWALDO CRUZ,Ministério da Saúde,5139,2014
HOSPITAL CRISTO REDENTOR S/A,Ministério da Saúde,8829,2011
HOSPITAL CRISTO REDENTOR S/A,Ministério da Saúde,9137,2012
HOSPITAL FEMINA S/A,Ministério da Saúde,11564,2011
HOSPITAL FEMINA S/A,Ministério da Saúde,8381,2012
HOSPITAL NOSSA SENHORA DA CONCEICAO S/A,Ministério da Saúde,160549,2011
HOSPITAL NOSSA SENHORA DA CONCEICAO S/A,Ministério da Saúde,68776,2012
HOSPITAL NOSSA SENHORA DA CONCEICAO S/A,Ministério da Saúde,75475,2013
HOSPITAL NOSSA SENHORA DA CONCEICAO S/A,Ministério da Saúde,36732,2014
HOSPITAL NOSSA SENHORA DA CONCEICAO S/A,Ministério da Saúde,62263,2015
HOSPITAL NOSSA SENHORA DA CONCEICAO S/A,Ministério da Saúde,34753,2016
HOSPITAL NOSSA SENHORA DA CONCEICAO S/A,Ministério da Saúde,202995,2017
FUNDACAO NACIONAL DE SAUDE - DF,Ministério da Saúde,355564,2011
FUNDACAO NACIONAL DE SAUDE - DF,Ministério da Saúde,67921,2012
FUNDACAO NACIONAL DE SAUDE - MS,Ministério da Saúde,28276,2011
FUNDACAO NACIONAL DE SAUDE - RJ,Ministério da Saúde,1572,2011
FUNDACAO NACIONAL DE SAUDE - RR,Ministério da Saúde,21697,2011
DEPARTAMENTO DE LOGISTICA EM SAUDE - DLOG,Ministério da Saúde,5525970,2011
DEPARTAMENTO DE LOGISTICA EM SAUDE - DLOG,Ministério da Saúde,10027996,2012
DEPARTAMENTO DE LOGISTICA EM SAUDE - DLOG,Ministério da Saúde,3547917,2013
DEPARTAMENTO DE LOGISTICA EM SAUDE - DLOG,Ministério da Saúde,32605267,2014
DEPARTAMENTO DE LOGISTICA EM SAUDE - DLOG,Ministério da Saúde,20868776,2015
DEPARTAMENTO DE LOGISTICA EM SAUDE - DLOG,Ministério da Saúde,24362304,2016
DEPARTAMENTO DE LOGISTICA EM SAUDE - DLOG,Ministério da Saúde,17175593,2017
HOSPITAL FEDERAL DE BONSUCESSO,Ministério da Saúde,1417258,2011
HOSPITAL FEDERAL DE BONSUCESSO,Ministério da Saúde,1089972,2012
HOSPITAL FEDERAL DE BONSUCESSO,Ministério da Saúde,2054949,2013
HOSPITAL FEDERAL DE BONSUCESSO,Ministério da Saúde,251786,2014
HOSPITAL FEDERAL DE BONSUCESSO,Ministério da Saúde,564844,2015
HOSPITAL FEDERAL DE BONSUCESSO,Ministério da Saúde,393805,2016
HOSPITAL FEDERAL DE BONSUCESSO,Ministério da Saúde,160233,2017
INSTITUTO NACIONAL DO CANCER - RJ,Ministério da Saúde,4652604,2011
INSTITUTO NACIONAL DO CANCER - RJ,Ministério da Saúde,9834093,2012
INSTITUTO NACIONAL DO CANCER - RJ,Ministério da Saúde,9091322,2013
INSTITUTO NACIONAL DO CANCER - RJ,Ministério da Saúde,7691444,2014
INSTITUTO NACIONAL DO CANCER - RJ,Ministério da Saúde,7733056,2015
INSTITUTO NACIONAL DO CANCER - RJ,Ministério da Saúde,1743263,2016
INSTITUTO NACIONAL DO CANCER - RJ,Ministério da Saúde,2133614,2017
INST. NACIONAL DE TRAUMATOLOGIA E ORTOPEDIA,Ministério da Saúde,524381,2011
INST. NACIONAL DE TRAUMATOLOGIA E ORTOPEDIA,Ministério da Saúde,260631,2012
INST. NACIONAL DE TRAUMATOLOGIA E ORTOPEDIA,Ministério da Saúde,1970098,2013
INST. NACIONAL DE TRAUMATOLOGIA E ORTOPEDIA,Ministério da Saúde,1931563,2014
INST. NACIONAL DE TRAUMATOLOGIA E ORTOPEDIA,Ministério da Saúde,444910,2015
INST. NACIONAL DE TRAUMATOLOGIA E ORTOPEDIA,Ministério da Saúde,355120,2016
INST. NACIONAL DE TRAUMATOLOGIA E ORTOPEDIA,Ministério da Saúde,1360076,2017
INSTITUTO NACIONAL DE CARDIOLOGIA,Ministério da Saúde,302065,2011
INSTITUTO NACIONAL DE CARDIOLOGIA,Ministério da Saúde,410797,2012
INSTITUTO NACIONAL DE CARDIOLOGIA,Ministério da Saúde,1236936,2013
INSTITUTO NACIONAL DE CARDIOLOGIA,Ministério da Saúde,1977962,2014
INSTITUTO NACIONAL DE CARDIOLOGIA,Ministério da Saúde,632150,2015
INSTITUTO NACIONAL DE CARDIOLOGIA,Ministério da Saúde,488456,2016
INSTITUTO NACIONAL DE CARDIOLOGIA,Ministério da Saúde,92148,2017
HOSPITAL FEDERAL DOS SERVIDORES DO ESTADO,Ministério da Saúde,826030,2011
HOSPITAL FEDERAL DOS SERVIDORES DO ESTADO,Ministério da Saúde,1762666,2012
HOSPITAL FEDERAL DOS SERVIDORES DO ESTADO,Ministério da Saúde,1167837,2013
HOSPITAL FEDERAL DOS SERVIDORES DO ESTADO,Ministério da Saúde,1620246,2014
HOSPITAL FEDERAL DOS SERVIDORES DO ESTADO,Ministério da Saúde,695146,2015
HOSPITAL FEDERAL DOS SERVIDORES DO ESTADO,Ministério da Saúde,541435,2016
HOSPITAL FEDERAL DOS SERVIDORES DO ESTADO,Ministério da Saúde,7440,2017
HOSPITAL FEDERAL DE IPANEMA,Ministério da Saúde,245305,2011
HOSPITAL FEDERAL DE IPANEMA,Ministério da Saúde,331772,2012
HOSPITAL FEDERAL DE IPANEMA,Ministério da Saúde,123746,2013
HOSPITAL FEDERAL DE IPANEMA,Ministério da Saúde,199269,2014
HOSPITAL FEDERAL DE IPANEMA,Ministério da Saúde,87488,2015
HOSPITAL FEDERAL DE IPANEMA,Ministério da Saúde,103117,2016
HOSPITAL FEDERAL DE IPANEMA,Ministério da Saúde,43894,2017
HOSPITAL FEDERAL CARDOSO FONTES,Ministério da Saúde,894009,2011
HOSPITAL FEDERAL CARDOSO FONTES,Ministério da Saúde,864277,2012
HOSPITAL FEDERAL CARDOSO FONTES,Ministério da Saúde,754327,2013
HOSPITAL FEDERAL CARDOSO FONTES,Ministério da Saúde,542715,2014
HOSPITAL FEDERAL CARDOSO FONTES,Ministério da Saúde,413830,2015
HOSPITAL FEDERAL CARDOSO FONTES,Ministério da Saúde,181355,2016
HOSPITAL FEDERAL CARDOSO FONTES,Ministério da Saúde,4697,2017
HOSPITAL FEDERAL DA LAGOA,Ministério da Saúde,1933758,2011
HOSPITAL FEDERAL DA LAGOA,Ministério da Saúde,1874078,2012
HOSPITAL FEDERAL DA LAGOA,Ministério da Saúde,206086,2013
HOSPITAL FEDERAL DA LAGOA,Ministério da Saúde,877126,2014
HOSPITAL FEDERAL DA LAGOA,Ministério da Saúde,1259979,2015
HOSPITAL FEDERAL DA LAGOA,Ministério da Saúde,843328,2016
HOSPITAL FEDERAL DA LAGOA,Ministério da Saúde,185027,2017
HOSPITAL FEDERAL DO ANDARAI,Ministério da Saúde,1028771,2011
HOSPITAL FEDERAL DO ANDARAI,Ministério da Saúde,1404859,2012
HOSPITAL FEDERAL DO ANDARAI,Ministério da Saúde,673644,2013
HOSPITAL FEDERAL DO ANDARAI,Ministério da Saúde,392681,2014
HOSPITAL FEDERAL DO ANDARAI,Ministério da Saúde,779087,2015
HOSPITAL FEDERAL DO ANDARAI,Ministério da Saúde,623345,2016
HOSPITAL FEDERAL DO ANDARAI,Ministério da Saúde,321759,2017
IBAMA - COORDENACAO-GERAL DE FINANCAS - CGFIN,Ministério do Meio Ambiente,1945,2014
VI COMANDO AEREO REGIONAL,Ministério da Defesa,31119,2011
VI COMANDO AEREO REGIONAL,Ministério da Defesa,8958,2012
VI COMANDO AEREO REGIONAL,Ministério da Defesa,239798,2014
VI COMANDO AEREO REGIONAL,Ministério da Defesa,219712,2015
GRUPAMENTO DE APOIO DE BRASILIA,Ministério da Defesa,2948,2011
GRUPAMENTO DE APOIO DE BRASILIA,Ministério da Defesa,948,2015
BASE AEREA DE FORTALEZA,Ministério da Defesa,20297,2015
BASE AEREA DE FORTALEZA,Ministério da Defesa,11440,2016
GRUPAMENTO DE INFRA-EST E APOIO DE S J CAMPOS,Ministério da Defesa,14011,2014
GRUPAMENTO DE INFRA-EST E APOIO DE S J CAMPOS,Ministério da Defesa,5736,2015
GRUPAMENTO DE INFRA-EST E APOIO DE S J CAMPOS,Ministério da Defesa,4954,2016
II COMANDO AEREO REGIONAL,Ministério da Defesa,715,2011
II COMANDO AEREO REGIONAL,Ministério da Defesa,4082,2015
II COMANDO AEREO REGIONAL,Ministério da Defesa,31534,2016
HOSPITAL DE AERONAUTICA DE RECIFE,Ministério da Defesa,3722,2011
HOSPITAL DE AERONAUTICA DE RECIFE,Ministério da Defesa,6346,2012
HOSPITAL DE AERONAUTICA DE RECIFE,Ministério da Defesa,28120,2013
HOSPITAL DE AERONAUTICA DE RECIFE,Ministério da Defesa,4404,2014
BASE AEREA DE SALVADOR,Ministério da Defesa,315,2013
BASE AEREA DE SALVADOR,Ministério da Defesa,1721,2014
BASE AEREA DE SALVADOR,Ministério da Defesa,13,2015
BASE AEREA DE SALVADOR,Ministério da Defesa,389,2016
ESCOLA PREPARATORIA DE CADETES DO AR,Ministério da Defesa,2987,2011
ESCOLA PREPARATORIA DE CADETES DO AR,Ministério da Defesa,589,2013
BASE AEREA DE CAMPO GRANDE,Ministério da Defesa,356,2011
BASE AEREA DE CAMPO GRANDE,Ministério da Defesa,8122,2012
BASE AEREA DE CAMPO GRANDE,Ministério da Defesa,9842,2013
BASE AEREA DE CAMPO GRANDE,Ministério da Defesa,204,2014
BASE AEREA DE CAMPO GRANDE,Ministério da Defesa,574,2015
BASE AEREA DE CAMPO GRANDE,Ministério da Defesa,688,2016
HOSPITAL CENTRAL AERONAUTICA,Ministério da Defesa,246433,2011
HOSPITAL CENTRAL AERONAUTICA,Ministério da Defesa,269788,2012
HOSPITAL CENTRAL AERONAUTICA,Ministério da Defesa,369478,2013
HOSPITAL DE FORCA AEREA DO GALEAO,Ministério da Defesa,1213745,2011
HOSPITAL DE FORCA AEREA DO GALEAO,Ministério da Defesa,546616,2012
HOSPITAL DE FORCA AEREA DO GALEAO,Ministério da Defesa,859822,2013
IV COMANDO AEREO REGIONAL,Ministério da Defesa,824,2016
BASE AEREA DE SAO PAULO,Ministério da Defesa,584,2014
HOSPITAL DE AERONAUTICA DE SAO PAULO,Ministério da Defesa,6630,2012
HOSPITAL DE AERONAUTICA DE SAO PAULO,Ministério da Defesa,117137,2015
HOSPITAL DE AERONAUTICA DE SAO PAULO,Ministério da Defesa,76783,2016
PARQUE DE MATERIAL AERONAUTICO DE SAO PAULO,Ministério da Defesa,1402,2016
SEGUNDO CENTRO INT.DEF.AEREA CONTR.TFG.AEREO,Ministério da Defesa,10636,2011
SEGUNDO CENTRO INT.DEF.AEREA CONTR.TFG.AEREO,Ministério da Defesa,495,2012
SEGUNDO CENTRO INT.DEF.AEREA CONTR.TFG.AEREO,Ministério da Defesa,12781,2013
SEGUNDO CENTRO INT.DEF.AEREA CONTR.TFG.AEREO,Ministério da Defesa,9707,2014
SEGUNDO CENTRO INT.DEF.AEREA CONTR.TFG.AEREO,Ministério da Defesa,6971,2015
V COMANDO AEREO REGIONAL,Ministério da Defesa,13659,2011
V COMANDO AEREO REGIONAL,Ministério da Defesa,11422,2012
V COMANDO AEREO REGIONAL,Ministério da Defesa,630,2013
V COMANDO AEREO REGIONAL,Ministério da Defesa,1575,2014
V COMANDO AEREO REGIONAL,Ministério da Defesa,618,2015
V COMANDO AEREO REGIONAL,Ministério da Defesa,993,2016
BASE AEREA DE CANOAS,Ministério da Defesa,477,2012
BASE AEREA DE CANOAS,Ministério da Defesa,40,2013
BASE AEREA DE CANOAS,Ministério da Defesa,130,2014
BASE AEREA DE SANTA MARIA,Ministério da Defesa,1481,2011
BASE AEREA DE SANTA MARIA,Ministério da Defesa,1423,2012
BASE AEREA DE SANTA MARIA,Ministério da Defesa,208,2013
BASE AEREA DE ANAPOLIS,Ministério da Defesa,2201,2011
BASE AEREA DE ANAPOLIS,Ministério da Defesa,237,2013
BASE AEREA DE ANAPOLIS,Ministério da Defesa,448,2014
VII COMANDO AEREO REGIONAL,Ministério da Defesa,31776,2015
VII COMANDO AEREO REGIONAL,Ministério da Defesa,45504,2016
I COMANDO AEREO REGIONAL,Ministério da Defesa,7657,2011
I COMANDO AEREO REGIONAL,Ministério da Defesa,25321,2012
I COMANDO AEREO REGIONAL,Ministério da Defesa,10230,2013
I COMANDO AEREO REGIONAL,Ministério da Defesa,509,2014
I COMANDO AEREO REGIONAL,Ministério da Defesa,1095,2015
I COMANDO AEREO REGIONAL,Ministério da Defesa,10285,2016
HOSPITAL DE FORCA AEREA DE BRASILIA,Ministério da Defesa,174938,2011
HOSPITAL DE FORCA AEREA DE BRASILIA,Ministério da Defesa,339056,2012
HOSPITAL DE FORCA AEREA DE BRASILIA,Ministério da Defesa,81536,2013
BASE AEREA DE NATAL,Ministério da Defesa,290,2014
COMANDO DO COMANDO MILITAR DA AMAZONIA,Ministério da Defesa,9871,2017
HOSPITAL MILITAR DE AREA DE MANAUS,Ministério da Defesa,26788,2012
HOSPITAL MILITAR DE AREA DE MANAUS,Ministério da Defesa,14244,2015
HOSPITAL MILITAR DE AREA DE MANAUS,Ministério da Defesa,5202,2016
COMANDO DE FRONTEIRA - AMAPA E 34 BIS,Ministério da Defesa,198,2014
COMANDO DE FRONTEIRA - AMAPA E 34 BIS,Ministério da Defesa,418,2015
HOSPITAL GERAL DE SALVADOR,Ministério da Defesa,3436,2013
HOSPITAL GERAL DE SALVADOR,Ministério da Defesa,6515,2014
HOSPITAL GERAL DE SALVADOR,Ministério da Defesa,3424,2015
HOSPITAL GERAL DE SALVADOR,Ministério da Defesa,739,2016
HOSPITAL GERAL DE FORTALEZA,Ministério da Defesa,1413,2011
HOSPITAL GERAL DE FORTALEZA,Ministério da Defesa,1443,2012
HOSPITAL GERAL DE FORTALEZA,Ministério da Defesa,71501,2013
HOSPITAL GERAL DE FORTALEZA,Ministério da Defesa,55480,2014
HOSPITAL GERAL DE FORTALEZA,Ministério da Defesa,1718,2015
HOSPITAL GERAL DE FORTALEZA,Ministério da Defesa,18789,2016
HOSPITAL GERAL DE FORTALEZA,Ministério da Defesa,109955,2017
16 BATALHAO LOGISTICO,Ministério da Defesa,665,2011
32 GRUPO DE ARTILHARIA DE CAMPANHA,Ministério da Defesa,731,2013
COLEGIO  MILITAR DE BRASILIA,Ministério da Defesa,541,2013
11. DEPOSITO DE SUPRIMENTO,Ministério da Defesa,71948,2012
COLEGIO MILITAR DE CAMPO GRANDE,Ministério da Defesa,71,2013
PREFEITURA MILITAR DE BRASILIA,Ministério da Defesa,1633,2012
PREFEITURA MILITAR DE BRASILIA,Ministério da Defesa,867,2013
HOSPITAL MILITAR DE AREA DE BRASILIA,Ministério da Defesa,366417,2011
HOSPITAL MILITAR DE AREA DE BRASILIA,Ministério da Defesa,129353,2012
HOSPITAL MILITAR DE AREA DE BRASILIA,Ministério da Defesa,191762,2013
HOSPITAL MILITAR DE AREA DE BRASILIA,Ministério da Defesa,68159,2014
HOSPITAL MILITAR DE AREA DE BRASILIA,Ministério da Defesa,1929,2015
HOSPITAL MILITAR DE AREA DE BRASILIA,Ministério da Defesa,2662,2016
HOSPITAL MILITAR DE AREA DE BRASILIA,Ministério da Defesa,453639,2017
BASE ADMINISTRATIVA DA BDA DE OP ESPECIAIS,Ministério da Defesa,458,2014
BASE ADMINISTRATIVA DA BDA DE OP ESPECIAIS,Ministério da Defesa,19328,2016
11 BATALAHO DE ENGENHARIA DE CONSTRUCAO,Ministério da Defesa,1235,2015
HOSPITAL GERAL DE JUIZ DE FORA,Ministério da Defesa,2120,2011
HOSPITAL GERAL DE JUIZ DE FORA,Ministério da Defesa,811,2012
HOSPITAL GERAL DE JUIZ DE FORA,Ministério da Defesa,393,2014
HOSPITAL GERAL DE JUIZ DE FORA,Ministério da Defesa,821,2015
14 GRUPO DE ARTILHARIA DE CAMPANHA,Ministério da Defesa,601,2012
14 GRUPO DE ARTILHARIA DE CAMPANHA,Ministério da Defesa,237,2013
36 BATALHAO DE INFANTARIA MOTORIZADO,Ministério da Defesa,754,2011
10 REGIMENTO DE CAVALARIA MECANIZADO,Ministério da Defesa,4321,2014
18 BATALHAO LOGISTICO,Ministério da Defesa,104,2016
COMANDO DA 9A.REGIAO MILITAR,Ministério da Defesa,599,2013
9.BATALHAO DE SUPRIMENTO,Ministério da Defesa,5873,2011
9.BATALHAO DE SUPRIMENTO,Ministério da Defesa,1393,2013
9.BATALHAO DE SUPRIMENTO,Ministério da Defesa,20576,2014
9.BATALHAO DE SUPRIMENTO,Ministério da Defesa,2644,2016
HOSPITAL MILITAR DE AREA DE CAMPO GRANDE,Ministério da Defesa,36608,2011
HOSPITAL MILITAR DE AREA DE CAMPO GRANDE,Ministério da Defesa,76791,2012
HOSPITAL MILITAR DE AREA DE CAMPO GRANDE,Ministério da Defesa,164703,2013
HOSPITAL MILITAR DE AREA DE CAMPO GRANDE,Ministério da Defesa,16390,2014
HOSPITAL MILITAR DE AREA DE CAMPO GRANDE,Ministério da Defesa,41724,2015
HOSPITAL MILITAR DE AREA DE CAMPO GRANDE,Ministério da Defesa,248267,2016
HOSPITAL MILITAR DE AREA DE CAMPO GRANDE,Ministério da Defesa,99664,2017
47 BATALHAO DE INFANTARIA,Ministério da Defesa,660,2012
COMANDO 4 BRIGADA DE CAVALARIA MECANIZADA,Ministério da Defesa,11342,2014
2 BATALHAO DE INFANTARIA DE SELVA,Ministério da Defesa,1743,2013
2 BATALHAO DE INFANTARIA DE SELVA,Ministério da Defesa,124,2014
HOSPITAL GERAL DE BELEM,Ministério da Defesa,11363,2011
HOSPITAL GERAL DE BELEM,Ministério da Defesa,81395,2012
HOSPITAL GERAL DE BELEM,Ministério da Defesa,153398,2013
HOSPITAL GERAL DE BELEM,Ministério da Defesa,17349,2014
HOSPITAL GERAL DE BELEM,Ministério da Defesa,25079,2015
HOSPITAL GERAL DE BELEM,Ministério da Defesa,2347,2016
HOSPITAL GERAL DE BELEM,Ministério da Defesa,14855,2017
HOSPITAL DA GUARNICAO DE MARABA,Ministério da Defesa,9546,2015
HOSPITAL MILITAR DE AREA DE RECIFE,Ministério da Defesa,2379,2011
HOSPITAL MILITAR DE AREA DE RECIFE,Ministério da Defesa,63031,2012
HOSPITAL MILITAR DE AREA DE RECIFE,Ministério da Defesa,1053,2013
HOSPITAL MILITAR DE AREA DE RECIFE,Ministério da Defesa,3323,2014
HOSPITAL MILITAR DE AREA DE RECIFE,Ministério da Defesa,1195,2015
HOSPITAL MILITAR DE AREA DE RECIFE,Ministério da Defesa,25743,2016
33 BATALHAO DE INFANTARIA MOTORIZADO,Ministério da Defesa,75,2014
5 COMPANHIA DE COMUNICACOES BLINDADA,Ministério da Defesa,288,2011
HOSPITAL GERAL DE CURITIBA,Ministério da Defesa,19692,2011
HOSPITAL GERAL DE CURITIBA,Ministério da Defesa,3656,2012
HOSPITAL GERAL DE CURITIBA,Ministério da Defesa,20253,2013
HOSPITAL GERAL DE CURITIBA,Ministério da Defesa,59394,2015
HOSPITAL GERAL DE CURITIBA,Ministério da Defesa,287,2016
HOSPITAL GERAL DE CURITIBA,Ministério da Defesa,6678,2017
15 GRUPO DE ART DE CAMPANHA AUTOPROPULSADO,Ministério da Defesa,2217,2013
15 GRUPO DE ART DE CAMPANHA AUTOPROPULSADO,Ministério da Defesa,1390,2014
POLICLINICA MILITAR DE NITEROI,Ministério da Defesa,3231,2011
POLICLINICA MILITAR DE NITEROI,Ministério da Defesa,1377,2013
POLICLINICA MILITAR DE NITEROI,Ministério da Defesa,1227,2014
1 BATALHAO DE COMUNICACOES,Ministério da Defesa,88,2013
HOSPITAL CENTRAL DO EXERCITO,Ministério da Defesa,14006,2011
HOSPITAL CENTRAL DO EXERCITO,Ministério da Defesa,198340,2012
HOSPITAL CENTRAL DO EXERCITO,Ministério da Defesa,13633,2013
HOSPITAL CENTRAL DO EXERCITO,Ministério da Defesa,163127,2014
HOSPITAL CENTRAL DO EXERCITO,Ministério da Defesa,684911,2015
HOSPITAL CENTRAL DO EXERCITO,Ministério da Defesa,2598576,2017
HOSPITAL GERAL DO RIO DE JANEIRO,Ministério da Defesa,14141,2011
HOSPITAL GERAL DO RIO DE JANEIRO,Ministério da Defesa,1035,2012
HOSPITAL GERAL DO RIO DE JANEIRO,Ministério da Defesa,3203,2013
HOSPITAL GERAL DO RIO DE JANEIRO,Ministério da Defesa,2076,2014
HOSPITAL GERAL DO RIO DE JANEIRO,Ministério da Defesa,31127,2015
HOSPITAL GERAL DO RIO DE JANEIRO,Ministério da Defesa,92558,2017
POLICLINICA MILITAR DA PRAIA VERMELHA,Ministério da Defesa,16244,2015
HOSPITAL DE GUARNICAO DE NATAL,Ministério da Defesa,191373,2011
HOSPITAL DE GUARNICAO DE NATAL,Ministério da Defesa,71145,2012
HOSPITAL DE GUARNICAO DE NATAL,Ministério da Defesa,234233,2013
HOSPITAL DE GUARNICAO DE NATAL,Ministério da Defesa,2501,2015
HOSPITAL DE GUARNICAO DE NATAL,Ministério da Defesa,217187,2016
HOSPITAL DE GUARNICAO DE NATAL,Ministério da Defesa,6663,2017
HOSPITAL DE GUARNICAO DE PORTO VELHO,Ministério da Defesa,2480,2012
HOSPITAL DE GUARNICAO DE PORTO VELHO,Ministério da Defesa,1740,2013
HOSPITAL DE GUARNICAO DE PORTO VELHO,Ministério da Defesa,1112,2014
HOSPITAL DE GUARNICAO DE PORTO VELHO,Ministério da Defesa,14602,2016
HOSPITAL DA GUARNICAO DE ALEGRETE,Ministério da Defesa,949,2013
3 BATALHAO DE COMUNICACOES,Ministério da Defesa,4800,2011
HOSPITAL MILITAR DE AREA DE PORTO ALEGRE,Ministério da Defesa,19340,2011
HOSPITAL MILITAR DE AREA DE PORTO ALEGRE,Ministério da Defesa,1544,2012
HOSPITAL MILITAR DE AREA DE PORTO ALEGRE,Ministério da Defesa,3816,2013
HOSPITAL MILITAR DE AREA DE PORTO ALEGRE,Ministério da Defesa,1484,2014
HOSPITAL MILITAR DE AREA DE PORTO ALEGRE,Ministério da Defesa,2501,2015
POLICLINICA MILITAR DE PORTO ALEGRE,Ministério da Defesa,10129,2012
HOSPITAL DE GUARNICAO DE SANTA MARIA,Ministério da Defesa,3596,2011
HOSPITAL DE GUARNICAO DE SANTA MARIA,Ministério da Defesa,143626,2012
HOSPITAL DE GUARNICAO DE SANTA MARIA,Ministério da Defesa,368,2013
HOSPITAL DE GUARNICAO DE SANTIAGO,Ministério da Defesa,13726,2013
HOSPITAL DE GUARNICAO DE FLORIANOPOLIS,Ministério da Defesa,3980,2014
14 REGIMENTO DE CAVALARIA MECANIZADO,Ministério da Defesa,2095,2012
HOSPITAL MILITAR DE AREA DE SAO PAULO,Ministério da Defesa,2959,2011
HOSPITAL MILITAR DE AREA DE SAO PAULO,Ministério da Defesa,282621,2013
HOSPITAL MILITAR DE AREA DE SAO PAULO,Ministério da Defesa,127150,2014
HOSPITAL MILITAR DE AREA DE SAO PAULO,Ministério da Defesa,79532,2016
HOSPITAL MILITAR DE AREA DE SAO PAULO,Ministério da Defesa,11902,2017
PARQUE REGIONAL DE MANUTENCAO DA 9 RM,Ministério da Defesa,40,2013
COMANDO DO COMANDO MILITAR DO OESTE,Ministério da Defesa,792,2013
POLICLINICA NAVAL NOSSA SENHORA DA GLORIA,Ministério da Defesa,2073,2011
POLICLINICA NAVAL NOSSA SENHORA DA GLORIA,Ministério da Defesa,3775,2013
POLICLINICA NAVAL NOSSA SENHORA DA GLORIA,Ministério da Defesa,6204,2014
UNIDADE INTEGRADA DE SAUDE MENTAL,Ministério da Defesa,1173,2013
UNIDADE INTEGRADA DE SAUDE MENTAL,Ministério da Defesa,15156,2014
UNIDADE INTEGRADA DE SAUDE MENTAL,Ministério da Defesa,6433,2017
HOSPITAL NAVAL MARCILIO DIAS,Ministério da Defesa,982571,2011
HOSPITAL NAVAL MARCILIO DIAS,Ministério da Defesa,503465,2012
HOSPITAL NAVAL MARCILIO DIAS,Ministério da Defesa,810085,2013
HOSPITAL NAVAL MARCILIO DIAS,Ministério da Defesa,788872,2014
HOSPITAL NAVAL MARCILIO DIAS,Ministério da Defesa,175660,2015
HOSPITAL NAVAL MARCILIO DIAS,Ministério da Defesa,141752,2016
CENTRO DE OBTENCAO DA MARINHA NO R.J.,Ministério da Defesa,9864,2011
CENTRO DE OBTENCAO DA MARINHA NO R.J.,Ministério da Defesa,64106,2012
CENTRO DE OBTENCAO DA MARINHA NO R.J.,Ministério da Defesa,250712,2014
CENTRO DE OBTENCAO DA MARINHA NO R.J.,Ministério da Defesa,165,2015
HOSPITAL NAVAL_DE SALVADOR,Ministério da Defesa,828,2011
HOSPITAL NAVAL_DE SALVADOR,Ministério da Defesa,504,2013
HOSPITAL NAVAL DE NATAL,Ministério da Defesa,15754,2011
HOSPITAL NAVAL DE NATAL,Ministério da Defesa,1064,2013
HOSPITAL NAVAL DE NATAL,Ministério da Defesa,5870,2014
HOSPITAL NAVAL DE NATAL,Ministério da Defesa,9696,2015
HOSPITAL NAVAL DE RECIFE,Ministério da Defesa,5191,2011
HOSPITAL NAVAL DE RECIFE,Ministério da Defesa,3324,2012
HOSPITAL NAVAL DE RECIFE,Ministério da Defesa,5789,2013
HOSPITAL NAVAL DE RECIFE,Ministério da Defesa,2331,2014
HOSPITAL NAVAL DE RECIFE,Ministério da Defesa,7867,2015
HOSPITAL NAVAL DE RECIFE,Ministério da Defesa,10408,2016
HOSPITAL NAVAL DE BELEM,Ministério da Defesa,25387,2012
HOSPITAL NAVAL DE BELEM,Ministério da Defesa,107488,2013
HOSPITAL NAVAL DE BELEM,Ministério da Defesa,52103,2014
HOSPITAL NAVAL DE BELEM,Ministério da Defesa,6724,2015
HOSPITAL NAVAL DE BELEM,Ministério da Defesa,417,2016
ESCOLA DE APRENDIZES-MARINHEIROS DE SC,Ministério da Defesa,1345,2013
HOSPITAL NAVAL DE LADARIO,Ministério da Defesa,57,2011
HOSPITAL NAVAL DE LADARIO,Ministério da Defesa,4046,2012
HOSPITAL NAVAL DE LADARIO,Ministério da Defesa,15694,2013
HOSPITAL NAVAL DE LADARIO,Ministério da Defesa,16432,2014
HOSPITAL NAVAL DE LADARIO,Ministério da Defesa,641,2015
HOSPITAL NAVAL DE LADARIO,Ministério da Defesa,2335,2016
CENTRO DE INTENDENCIA DA MARINHA EM MANAUS,Ministério da Defesa,49146,2011
HOSPITAL DAS FORCAS ARMADAS,Ministério da Defesa,1426805,2011
HOSPITAL DAS FORCAS ARMADAS,Ministério da Defesa,1095904,2012
HOSPITAL DAS FORCAS ARMADAS,Ministério da Defesa,694365,2013
HOSPITAL DAS FORCAS ARMADAS,Ministério da Defesa,565604,2014
HOSPITAL DAS FORCAS ARMADAS,Ministério da Defesa,547896,2015
HOSPITAL DAS FORCAS ARMADAS,Ministério da Defesa,493528,2016
HOSPITAL DAS FORCAS ARMADAS,Ministério da Defesa,210830,2017
HOSPITAL MILITAR DE AREA DE MANAUS,Ministério da Defesa,27077,2011
HOSPITAL MILITAR DE AREA DE MANAUS,Ministério da Defesa,79457,2013
HOSPITAL MILITAR DE AREA DE MANAUS,Ministério da Defesa,10595,2014
HOSPITAL MILITAR DE AREA DE MANAUS,Ministério da Defesa,34186,2015
HOSPITAL MILITAR DE AREA DE MANAUS,Ministério da Defesa,23431,2016
HOSPITAL MILITAR DE AREA DE MANAUS,Ministério da Defesa,6070,2017
COLEGIO MILITAR DE FORTALEZA,Ministério da Defesa,243,2014
COLEGIO MILITAR DE FORTALEZA,Ministério da Defesa,111,2016
COLEGIO  MILITAR DE BRASILIA,Ministério da Defesa,490,2012
HOSPITAL GERAL DE JUIZ DE FORA,Ministério da Defesa,30931,2011
HOSPITAL GERAL DE JUIZ DE FORA,Ministério da Defesa,70986,2012
HOSPITAL GERAL DE JUIZ DE FORA,Ministério da Defesa,31185,2013
HOSPITAL GERAL DE JUIZ DE FORA,Ministério da Defesa,105,2014
HOSPITAL GERAL DE JUIZ DE FORA,Ministério da Defesa,1706,2015
HOSPITAL GERAL DE JUIZ DE FORA,Ministério da Defesa,717,2016
HOSPITAL GERAL DE JUIZ DE FORA,Ministério da Defesa,1029,2017
36 BATALHAO DE INFANTARIA MOTORIZADO,Ministério da Defesa,3076,2011
36 BATALHAO DE INFANTARIA MOTORIZADO,Ministério da Defesa,381,2013
36 BATALHAO DE INFANTARIA MOTORIZADO,Ministério da Defesa,12110,2016
2 BATALHAO DE INFANTARIA DE SELVA,Ministério da Defesa,875,2014
HOSPITAL GERAL DE CURITIBA,Ministério da Defesa,63224,2011
HOSPITAL GERAL DE CURITIBA,Ministério da Defesa,35841,2012
HOSPITAL GERAL DE CURITIBA,Ministério da Defesa,47340,2013
HOSPITAL GERAL DE CURITIBA,Ministério da Defesa,76445,2014
HOSPITAL GERAL DE CURITIBA,Ministério da Defesa,63798,2015
HOSPITAL GERAL DE CURITIBA,Ministério da Defesa,182061,2016
HOSPITAL GERAL DE CURITIBA,Ministério da Defesa,140401,2017
ACADEMIA MILITAR DAS AGULHAS NEGRAS,Ministério da Defesa,4915,2012
HOSPITAL GERAL DO RIO DE JANEIRO,Ministério da Defesa,1590,2011
HOSPITAL GERAL DO RIO DE JANEIRO,Ministério da Defesa,58195,2012
HOSPITAL GERAL DO RIO DE JANEIRO,Ministério da Defesa,23935,2013
HOSPITAL GERAL DO RIO DE JANEIRO,Ministério da Defesa,10100,2014
HOSPITAL GERAL DO RIO DE JANEIRO,Ministério da Defesa,116,2015
HOSPITAL MILITAR DE AREA DE SAO PAULO,Ministério da Defesa,13379,2011
HOSPITAL MILITAR DE AREA DE SAO PAULO,Ministério da Defesa,309595,2012
HOSPITAL MILITAR DE AREA DE SAO PAULO,Ministério da Defesa,231116,2013
HOSPITAL MILITAR DE AREA DE SAO PAULO,Ministério da Defesa,33941,2014
HOSPITAL MILITAR DE AREA DE SAO PAULO,Ministério da Defesa,7220,2015
HOSPITAL MILITAR DE AREA DE SAO PAULO,Ministério da Defesa,62774,2016
HOSPITAL MILITAR DE AREA DE SAO PAULO,Ministério da Defesa,211062,2017
15 BATALHAO LOGISTICO,Ministério da Defesa,3672,2011
15 BATALHAO LOGISTICO,Ministério da Defesa,2461,2013
15 BATALHAO LOGISTICO,Ministério da Defesa,1594,2014
15 BATALHAO LOGISTICO,Ministério da Defesa,3599,2016
DIRETORIA DE SAUDE DA MARINHA,Ministério da Defesa,142936,2011
DIRETORIA DE SAUDE DA MARINHA,Ministério da Defesa,67651,2012
POLICLINICA NAVAL NOSSA SENHORA DA GLORIA,Ministério da Defesa,66475,2011
POLICLINICA NAVAL NOSSA SENHORA DA GLORIA,Ministério da Defesa,6233,2012
POLICLINICA NAVAL NOSSA SENHORA DA GLORIA,Ministério da Defesa,142212,2013
POLICLINICA NAVAL NOSSA SENHORA DA GLORIA,Ministério da Defesa,241432,2014
POLICLINICA NAVAL NOSSA SENHORA DA GLORIA,Ministério da Defesa,2173,2015
POLICLINICA NAVAL NOSSA SENHORA DA GLORIA,Ministério da Defesa,2510,2016
HOSPITAL NAVAL MARCILIO DIAS,Ministério da Defesa,3200307,2011
HOSPITAL NAVAL MARCILIO DIAS,Ministério da Defesa,3267563,2012
HOSPITAL NAVAL MARCILIO DIAS,Ministério da Defesa,307479,2013
HOSPITAL NAVAL MARCILIO DIAS,Ministério da Defesa,3513812,2014
HOSPITAL NAVAL MARCILIO DIAS,Ministério da Defesa,2198543,2015
HOSPITAL NAVAL MARCILIO DIAS,Ministério da Defesa,1891827,2016
HOSPITAL NAVAL MARCILIO DIAS,Ministério da Defesa,1019113,2017
CENTRO DE OBTENCAO DA MARINHA NO R.J.,Ministério da Defesa,141548,2011
CENTRO DE OBTENCAO DA MARINHA NO R.J.,Ministério da Defesa,255782,2012
CENTRO DE OBTENCAO DA MARINHA NO R.J.,Ministério da Defesa,49165,2013
CENTRO DE OBTENCAO DA MARINHA NO R.J.,Ministério da Defesa,1169366,2014
HOSPITAL NAVAL DE BELEM,Ministério da Defesa,64660,2011
HOSPITAL NAVAL DE BELEM,Ministério da Defesa,25032,2012
HOSPITAL NAVAL DE BELEM,Ministério da Defesa,20526,2013
HOSPITAL NAVAL DE BELEM,Ministério da Defesa,133407,2014
HOSPITAL NAVAL DE BELEM,Ministério da Defesa,79694,2015
HOSPITAL NAVAL DE BELEM,Ministério da Defesa,149593,2016
HOSPITAL NAVAL DE BELEM,Ministério da Defesa,139520,2017
ESCOLA DE APRENDIZES-MARINHEIROS DE SC,Ministério da Defesa,1826,2011
ESCOLA DE APRENDIZES-MARINHEIROS DE SC,Ministério da Defesa,777,2013
ESCOLA DE APRENDIZES-MARINHEIROS DE SC,Ministério da Defesa,2228,2014
ESCOLA DE APRENDIZES-MARINHEIROS DE SC,Ministério da Defesa,2092,2015
ESCOLA DE APRENDIZES-MARINHEIROS DE SC,Ministério da Defesa,2158,2016
CENTRO DE INTENDENCIA DA MARINHA EM RIO GRAND,Ministério da Defesa,3807,2012
CENTRO DE INTENDENCIA DA MARINHA EM RIO GRAND,Ministério da Defesa,229,2013
CENTRO DE INTENDENCIA DA MARINHA EM RIO GRAND,Ministério da Defesa,10372,2015
CENTRO DE INTENDENCIA DA MARINHA EM RIO GRAND,Ministério da Defesa,3382,2016
CENTRO DE INTENDENCIA DA MARINHA EM RIO GRAND,Ministério da Defesa,10899,2017
HOSPITAL NAVAL DE LADARIO,Ministério da Defesa,21794,2011
HOSPITAL NAVAL DE LADARIO,Ministério da Defesa,27874,2012
HOSPITAL NAVAL DE LADARIO,Ministério da Defesa,21738,2013
HOSPITAL NAVAL DE LADARIO,Ministério da Defesa,13565,2014
HOSPITAL NAVAL DE LADARIO,Ministério da Defesa,46100,2015
HOSPITAL NAVAL DE LADARIO,Ministério da Defesa,11899,2016
CENTRO DE INTENDENCIA DA MARINHA EM MANAUS,Ministério da Defesa,12592,2011
CENTRO DE INTENDENCIA DA MARINHA EM MANAUS,Ministério da Defesa,13745,2012
CENTRO DE INTENDENCIA DA MARINHA EM MANAUS,Ministério da Defesa,259,2014
EMPRESA DE TRENS URBANOS DE PORTO ALEGRE S/A,Ministério da Defesa,973,2012
EMPRESA DE TRENS URBANOS DE PORTO ALEGRE S/A,Ministério da Defesa,1222,2013
CIA.BRASILEIRA DE TRENS URBANOS-STU/REC,Ministério da Defesa,7450,2012
DEPARTAMENTO DE SAÚDE E ASSIST. DE PESSOAL,Ministério da Defesa,16708,2015
INSTITUTO DE PSIQUIATRIA DA UFRJ,Ministério da Defesa,9701,2011
INSTITUTO DE PSIQUIATRIA DA UFRJ,Ministério da Defesa,1824,2012
CASA GERONTOLOGICA DA AER. BRIG.EDUARDO GOMES,Ministério da Defesa,826,2011
BASE ADMINISTRATIVA DO C COM G E EX,Ministério da Defesa,885,2014
HOSPITAL NAVAL DE BRASILIA,Ministério da Defesa,5499,2012
HOSPITAL NAVAL DE BRASILIA,Ministério da Defesa,128414,2013
HOSPITAL NAVAL DE BRASILIA,Ministério da Defesa,6965,2014
HOSPITAL NAVAL DE BRASILIA,Ministério da Defesa,35028,2015
HOSPITAL NAVAL DE BRASILIA,Ministério da Defesa,15021,2017
COMANDO DE FRONTEIRA ACRE/4 BIS,Ministério da Defesa,11502,2017
COLEGIO MILITAR DE MANAUS,Ministério da Defesa,6155,2015
HOSPITAL DE GUARNICAO DE TABATINGA,Ministério da Defesa,44819,2012
HOSPITAL DE GUARNICAO DE TABATINGA,Ministério da Defesa,29557,2013
HOSPITAL GERAL DE SALVADOR,Ministério da Defesa,3045,2011
HOSPITAL GERAL DE SALVADOR,Ministério da Defesa,3998,2012
HOSPITAL GERAL DE SALVADOR,Ministério da Defesa,4763,2013
HOSPITAL GERAL DE SALVADOR,Ministério da Defesa,12519,2014
HOSPITAL GERAL DE SALVADOR,Ministério da Defesa,178,2016
HOSPITAL GERAL DE SALVADOR,Ministério da Defesa,1915,2017
HOSPITAL GERAL DE FORTALEZA,Ministério da Defesa,60665,2011
HOSPITAL GERAL DE FORTALEZA,Ministério da Defesa,84767,2012
HOSPITAL GERAL DE FORTALEZA,Ministério da Defesa,230,2013
HOSPITAL GERAL DE FORTALEZA,Ministério da Defesa,2578,2014
HOSPITAL GERAL DE FORTALEZA,Ministério da Defesa,55063,2015
HOSPITAL GERAL DE FORTALEZA,Ministério da Defesa,93289,2016
HOSPITAL GERAL DE FORTALEZA,Ministério da Defesa,9912,2017
BATALHAO DE GUARDA PRESIDENCIAL,Ministério da Defesa,614,2012
BATALHAO DE POLICIA DO EXERCITO DE BRASILIA,Ministério da Defesa,689,2016
HOSPITAL MILITAR DE AREA DE BRASILIA,Ministério da Defesa,741089,2011
HOSPITAL MILITAR DE AREA DE BRASILIA,Ministério da Defesa,1278742,2012
HOSPITAL MILITAR DE AREA DE BRASILIA,Ministério da Defesa,725216,2013
HOSPITAL MILITAR DE AREA DE BRASILIA,Ministério da Defesa,237988,2014
HOSPITAL MILITAR DE AREA DE BRASILIA,Ministério da Defesa,187047,2015
HOSPITAL MILITAR DE AREA DE BRASILIA,Ministério da Defesa,184317,2016
HOSPITAL MILITAR DE AREA DE BRASILIA,Ministério da Defesa,190087,2017
38  BATALHAO DE INFANTARIA,Ministério da Defesa,3155,2011
38  BATALHAO DE INFANTARIA,Ministério da Defesa,3044,2012
38  BATALHAO DE INFANTARIA,Ministério da Defesa,838,2013
BASE ADMINISTRATIVA DA BDA DE OP.ESPECIAISS,Ministério da Defesa,98,2011
BASE ADMINISTRATIVA DA BDA DE OP.ESPECIAISS,Ministério da Defesa,2046,2016
11 BATALAHO DE ENGENHARIA DE CONSTRUCAO,Ministério da Defesa,6806,2014
11 BATALAHO DE ENGENHARIA DE CONSTRUCAO,Ministério da Defesa,5448,2015
11 BATALAHO DE ENGENHARIA DE CONSTRUCAO,Ministério da Defesa,5866,2016
COMANDO DA 4 REGIÃO MILITAR,Ministério da Defesa,1617,2013
COMANDO DA 4 REGIÃO MILITAR,Ministério da Defesa,9140,2016
HOSPITAL MILITAR DE AREA DE CAMPO GRANDE,Ministério da Defesa,382458,2011
HOSPITAL MILITAR DE AREA DE CAMPO GRANDE,Ministério da Defesa,231547,2012
HOSPITAL MILITAR DE AREA DE CAMPO GRANDE,Ministério da Defesa,114736,2013
HOSPITAL MILITAR DE AREA DE CAMPO GRANDE,Ministério da Defesa,533370,2014
HOSPITAL MILITAR DE AREA DE CAMPO GRANDE,Ministério da Defesa,27934,2015
HOSPITAL MILITAR DE AREA DE CAMPO GRANDE,Ministério da Defesa,126188,2016
HOSPITAL MILITAR DE AREA DE CAMPO GRANDE,Ministério da Defesa,611863,2017
COMANDO 4 BRIGADA DE CAVALARIA MECANIZADA,Ministério da Defesa,12059,2013
COMANDO 4 BRIGADA DE CAVALARIA MECANIZADA,Ministério da Defesa,22683,2014
COMANDO 4 BRIGADA DE CAVALARIA MECANIZADA,Ministério da Defesa,41487,2015
COMANDO 4 BRIGADA DE CAVALARIA MECANIZADA,Ministério da Defesa,38153,2016
COMANDO 13  BDA DE INFANTARIA MOTORIZADA,Ministério da Defesa,3673,2012
HOSPITAL GERAL DE BELEM,Ministério da Defesa,209007,2011
HOSPITAL GERAL DE BELEM,Ministério da Defesa,240112,2012
HOSPITAL GERAL DE BELEM,Ministério da Defesa,117231,2013
HOSPITAL GERAL DE BELEM,Ministério da Defesa,126363,2014
HOSPITAL GERAL DE BELEM,Ministério da Defesa,88981,2015
HOSPITAL GERAL DE BELEM,Ministério da Defesa,58744,2016
HOSPITAL DA GUARNICAO DE MARABA,Ministério da Defesa,3098,2011
HOSPITAL DA GUARNICAO DE MARABA,Ministério da Defesa,7673,2012
HOSPITAL MILITAR DE AREA DE RECIFE,Ministério da Defesa,892,2011
HOSPITAL MILITAR DE AREA DE RECIFE,Ministério da Defesa,76662,2012
HOSPITAL MILITAR DE AREA DE RECIFE,Ministério da Defesa,16295,2013
HOSPITAL MILITAR DE AREA DE RECIFE,Ministério da Defesa,13454,2014
HOSPITAL MILITAR DE AREA DE RECIFE,Ministério da Defesa,1086,2015
HOSPITAL MILITAR DE AREA DE RECIFE,Ministério da Defesa,9444,2016
2 BATALHAO DE ENGENHARIA DE CONSTRUCAO,Ministério da Defesa,1305,2012
CENTRO DE RECUPERACAO DE ITATIAIA,Ministério da Defesa,560,2012
CENTRO DE RECUPERACAO DE ITATIAIA,Ministério da Defesa,2211,2013
POLICLINICA MILITAR DE NITEROI,Ministério da Defesa,816,2013
POLICLINICA MILITAR DE NITEROI,Ministério da Defesa,771,2014
1 BATALHAO DE COMUNICACOES DIVISIONARIO,Ministério da Defesa,1721,2012
HOSPITAL CENTRAL DO EXERCITO,Ministério da Defesa,487455,2011
HOSPITAL CENTRAL DO EXERCITO,Ministério da Defesa,491051,2012
HOSPITAL CENTRAL DO EXERCITO,Ministério da Defesa,724065,2013
HOSPITAL CENTRAL DO EXERCITO,Ministério da Defesa,930062,2014
HOSPITAL CENTRAL DO EXERCITO,Ministério da Defesa,416077,2015
HOSPITAL CENTRAL DO EXERCITO,Ministério da Defesa,214833,2016
HOSPITAL CENTRAL DO EXERCITO,Ministério da Defesa,1751761,2017
POLICLINICA MILITAR DA PRAIA VERMELHA,Ministério da Defesa,1408,2014
POLICLINICA MILITAR DA PRAIA VERMELHA,Ministério da Defesa,16912,2016
POLICLINICA MILITAR DO RIO DE JANEIRO,Ministério da Defesa,560,2011
HOSPITAL DE GUARNICAO DE NATAL,Ministério da Defesa,127443,2011
HOSPITAL DE GUARNICAO DE NATAL,Ministério da Defesa,104756,2012
HOSPITAL DE GUARNICAO DE NATAL,Ministério da Defesa,30589,2013
HOSPITAL DE GUARNICAO DE NATAL,Ministério da Defesa,411799,2014
HOSPITAL DE GUARNICAO DE NATAL,Ministério da Defesa,111751,2015
HOSPITAL DE GUARNICAO DE NATAL,Ministério da Defesa,11277,2016
HOSPITAL DE GUARNICAO DE NATAL,Ministério da Defesa,16844,2017
HOSPITAL DE GUARNICAO DE PORTO VELHO,Ministério da Defesa,14305,2011
HOSPITAL DE GUARNICAO DE PORTO VELHO,Ministério da Defesa,1974,2012
HOSPITAL DE GUARNICAO DE PORTO VELHO,Ministério da Defesa,21898,2013
HOSPITAL DE GUARNICAO DE PORTO VELHO,Ministério da Defesa,55024,2014
HOSPITAL DE GUARNICAO DE PORTO VELHO,Ministério da Defesa,6089,2015
HOSPITAL DE GUARNICAO DE PORTO VELHO,Ministério da Defesa,1081,2016
HOSPITAL DA GUARNICAO DE ALEGRETE,Ministério da Defesa,4304,2011
HOSPITAL DA GUARNICAO DE ALEGRETE,Ministério da Defesa,5637,2012
HOSPITAL DA GUARNICAO DE ALEGRETE,Ministério da Defesa,1300,2013
HOSPITAL DA GUARNICAO DE ALEGRETE,Ministério da Defesa,19867,2014
HOSPITAL DA GUARNICAO DE ALEGRETE,Ministério da Defesa,4204,2015
POLICLINICA MILITAR DE PORTO ALEGRE,Ministério da Defesa,6228,2011
POLICLINICA MILITAR DE PORTO ALEGRE,Ministério da Defesa,25831,2012
POLICLINICA MILITAR DE PORTO ALEGRE,Ministério da Defesa,844,2013
HOSPITAL DE GUARNICAO DE SANTA MARIA,Ministério da Defesa,9290,2011
HOSPITAL DE GUARNICAO DE SANTA MARIA,Ministério da Defesa,3333,2012
HOSPITAL DE GUARNICAO DE SANTA MARIA,Ministério da Defesa,60060,2014
HOSPITAL DE GUARNICAO DE SANTA MARIA,Ministério da Defesa,12390,2015
HOSPITAL DE GUARNICAO DE SANTA MARIA,Ministério da Defesa,1679,2016
HOSPITAL DE GUARNICAO DE SANTIAGO,Ministério da Defesa,6056,2012
HOSPITAL DE GUARNICAO DE SANTIAGO,Ministério da Defesa,585,2013
COMANDO 2 BRIGADA DE CAVALARIA MECANIZADA,Ministério da Defesa,1327,2011
HOSPITAL DE GUARNICAO DE FLORIANOPOLIS,Ministério da Defesa,11373,2011
HOSPITAL DE GUARNICAO DE FLORIANOPOLIS,Ministério da Defesa,7599,2015
HOSPITAL DE GUARNICAO DE FLORIANOPOLIS,Ministério da Defesa,1904,2016
HOSPITAL DE GUARNICAO DE FLORIANOPOLIS,Ministério da Defesa,20088,2017
62 BATALHAO DE INFANTARIA,Ministério da Defesa,183362,2017
19 CIRCUNSCRICAO DE SERVICO MILITAR,Ministério da Defesa,9966,2011
COMANDO/1A BRIGADA DE INFANTARIA DE SELVA,Ministério da Defesa,1595,2011
COMANDO/1A BRIGADA DE INFANTARIA DE SELVA,Ministério da Defesa,12602,2014
PARQUE REGIONAL DE MANUTENCAO DA 9 REG.MILITA,Ministério da Defesa,518,2016
COMANDO DO COMANDO MILITAR DO OESTE,Ministério da Defesa,1884,2012
COMANDO DO COMANDO MILITAR DO OESTE,Ministério da Defesa,6,2013
COMANDO DO COMANDO MILITAR DO OESTE,Ministério da Defesa,776,2014
HOSPITAL DE GUARN. DE S. GABRIEL DA CACHOEIRA,Ministério da Defesa,10107,2014
HOSPITAL DE GUARN. DE S. GABRIEL DA CACHOEIRA,Ministério da Defesa,42992,2015
UNIDADE INTEGRADA DE SAUDE MENTAL,Ministério da Defesa,8036,2011
UNIDADE INTEGRADA DE SAUDE MENTAL,Ministério da Defesa,2460,2012
UNIDADE INTEGRADA DE SAUDE MENTAL,Ministério da Defesa,2504,2013
UNIDADE INTEGRADA DE SAUDE MENTAL,Ministério da Defesa,25376,2014
UNIDADE INTEGRADA DE SAUDE MENTAL,Ministério da Defesa,4893,2015
UNIDADE INTEGRADA DE SAUDE MENTAL,Ministério da Defesa,1250,2016
HOSPITAL NAVAL_DE SALVADOR,Ministério da Defesa,2746,2011
HOSPITAL NAVAL_DE SALVADOR,Ministério da Defesa,1657,2012
HOSPITAL NAVAL_DE SALVADOR,Ministério da Defesa,689,2014
HOSPITAL NAVAL_DE SALVADOR,Ministério da Defesa,522,2015
,Ministério da Defesa,5614,
HOSPITAL NAVAL DE NATAL,Ministério da Defesa,39840,2011
HOSPITAL NAVAL DE NATAL,Ministério da Defesa,1955,2012
HOSPITAL NAVAL DE NATAL,Ministério da Defesa,2674,2013
HOSPITAL NAVAL DE NATAL,Ministério da Defesa,2353,2014
HOSPITAL NAVAL DE NATAL,Ministério da Defesa,76515,2015
HOSPITAL NAVAL DE NATAL,Ministério da Defesa,46342,2016
HOSPITAL NAVAL DE NATAL,Ministério da Defesa,3122,2017
HOSPITAL NAVAL DE RECIFE,Ministério da Defesa,27406,2011
HOSPITAL NAVAL DE RECIFE,Ministério da Defesa,1275,2012
HOSPITAL NAVAL DE RECIFE,Ministério da Defesa,6000,2013
HOSPITAL NAVAL DE RECIFE,Ministério da Defesa,2117,2014
HOSPITAL NAVAL DE RECIFE,Ministério da Defesa,1986,2015
HOSPITAL NAVAL DE RECIFE,Ministério da Defesa,1140,2016
HOSPITAL NAVAL DE RECIFE,Ministério da Defesa,60785,2017
CENTRO DE INTENDENCIA DA MARINHA EM BELEM,Ministério da Defesa,449,2013
CENTRO DE INTENDENCIA DA MARINHA EM BELEM,Ministério da Defesa,1534,2014
HOSPITAL NAVAL DE BRASILIA,Ministério da Defesa,47815,2011
HOSPITAL NAVAL DE BRASILIA,Ministério da Defesa,20504,2012
HOSPITAL NAVAL DE BRASILIA,Ministério da Defesa,119627,2013
HOSPITAL NAVAL DE BRASILIA,Ministério da Defesa,197143,2014
HOSPITAL NAVAL DE BRASILIA,Ministério da Defesa,166627,2015
HOSPITAL NAVAL DE BRASILIA,Ministério da Defesa,6751,2016
HOSPITAL NAVAL DE BRASILIA,Ministério da Defesa,35143,2017
CENTRO DE INTEND. DA MARINHA EM S.PEDRO DA AL,Ministério da Defesa,7352,2017
CENTRO DE OBTENCAO DA MARINHA NO R.J.,Ministério da Defesa,16592,2011
CENTRO DE OBTENCAO DA MARINHA NO R.J.,Ministério da Defesa,25358,2012
COMANDO DE FRONTEIRA - AMAPA E 34 BIS,Ministério da Defesa,860,2014
COMANDO DE FRONTEIRA - AMAPA E 34 BIS,Ministério da Defesa,212,2015
COMANDO DE FRONTEIRA - AMAPA E 34 BIS,Ministério da Defesa,293,2016
PARQUE REGIONAL DE MANUTENCAO/10,Ministério da Defesa,111,2016
16 BATALHAO LOGISTICO,Ministério da Defesa,332,2011
16 BATALHAO LOGISTICO,Ministério da Defesa,1119,2012
11. DEPOSITO DE SUPRIMENTO,Ministério da Defesa,1051,2011
11. DEPOSITO DE SUPRIMENTO,Ministério da Defesa,1365,2012
47 BATALHAO DE INFANTARIA,Ministério da Defesa,1319,2012
3 GRUPO DE ARTILHARIA ANTIAEREA,Ministério da Defesa,4212,2012
HOSPITAL MILITAR DE AREA DE PORTO ALEGRE,Ministério da Defesa,66310,2011
HOSPITAL MILITAR DE AREA DE PORTO ALEGRE,Ministério da Defesa,2135,2012
HOSPITAL MILITAR DE AREA DE PORTO ALEGRE,Ministério da Defesa,116918,2013
HOSPITAL MILITAR DE AREA DE PORTO ALEGRE,Ministério da Defesa,6719,2014
HOSPITAL MILITAR DE AREA DE PORTO ALEGRE,Ministério da Defesa,1939,2015
HOSPITAL MILITAR DE AREA DE PORTO ALEGRE,Ministério da Defesa,9720,2016
CENTRO DE INST.E ADESTRAMENTO DE BRASILIA,Ministério da Defesa,3857,2013
CENTRO DE INST.E ADESTRAMENTO DE BRASILIA,Ministério da Defesa,2047,2015
DISTRITO SANIT.ESP.INDIGENA MATO GROSSO SUL,Ministério da Saúde,4062,2016
DISTRITO SANIT.ESP.INDIGENA - PERNAMBUCO,Ministério da Saúde,517,2015
DISTRITO SANIT.ESP.INDIGENA - LITORAL SUL,Ministério da Saúde,1701,2014
DISTRITO SANIT.ESP.INDIGENA - PORTO VELHO,Ministério da Saúde,3143,2015
DISTRITO SANIT.ESP.INDIGENA - BAHIA,Ministério da Saúde,2224,2016
DISTRITO SANIT.ESP.INDIGENA - CUIABA,Ministério da Saúde,4437,2015
DISTRITO SANIT.ESP.INDIGENA - CUIABA,Ministério da Saúde,2246,2016
DISTRITO SANIT.ESP.INDIGENA - POTIGUARA,Ministério da Saúde,839,2014
DISTRITO SANIT.ESP.INDIGENA - POTIGUARA,Ministério da Saúde,1273,2015
DISTRITO SANIT.ESP.INDIGENA - LESTE RR,Ministério da Saúde,13795,2013
DISTRITO SANIT.ESP.INDIGENA - MARANHAO,Ministério da Saúde,16513,2015
DISTRITO SANIT.ESP.INDIGENA GUAMA TOCANTINS,Ministério da Saúde,17360,2014
DISTRITO SANIT.ESP.INDIGENA GUAMA TOCANTINS,Ministério da Saúde,5837,2015
DISTRITO SANIT.ESP.INDIGENA GUAMA TOCANTINS,Ministério da Saúde,8081,2016
DISTRITO SANIT.ESP.INDIGENA - VILHENA,Ministério da Saúde,967,2015
DISTRITO SANIT.ESP.INDIGENA - YANOMAMI,Ministério da Saúde,10121,2013
DISTRITO SANIT.ESP.INDIGENA - YANOMAMI,Ministério da Saúde,27090,2014
DISTRITO SANIT.ESP.INDIGENA - YANOMAMI,Ministério da Saúde,24846,2015
BASE DE ADMINISTRAÇÃO E APOIO/CMP,Ministério da Defesa,29,2015
DISTRITO SANIT.ESP.INDIGENA - XAVANTE,Ministério da Saúde,5636,2014
EMPRESA BRASILEIRA DE SERVICOS HOSPITALARES,Órgão Genérico Geratriz,14663,2013
EMPRESA BRASILEIRA DE SERVICOS HOSPITALARES,Órgão Genérico Geratriz,1195,2014
UNIFESP-HOSP. UNIVERSITARIO,Órgão Genérico Geratriz,139131,2012
UNIFESP-HOSP. UNIVERSITARIO,Órgão Genérico Geratriz,1972860,2013
UNIFESP-HOSP. UNIVERSITARIO,Órgão Genérico Geratriz,1784943,2014
UNIFESP-HOSP. UNIVERSITARIO,Órgão Genérico Geratriz,1045585,2015
UNIFESP-HOSP. UNIVERSITARIO,Órgão Genérico Geratriz,2126401,2016
UNIFESP-HOSP. UNIVERSITARIO,Órgão Genérico Geratriz,114176,2017
EBSERH - HOSPITAL UNIVERSITARIO DO PIAUI,Órgão Genérico Geratriz,15421,2013
EBSERH - HOSPITAL UNIVERSITARIO DO PIAUI,Órgão Genérico Geratriz,167238,2014
EBSERH - HOSPITAL UNIVERSITARIO DO PIAUI,Órgão Genérico Geratriz,38944,2015
EBSERH - HOSPITAL UNIVERSITARIO DO PIAUI,Órgão Genérico Geratriz,72337,2016
EBSERH - HOSPITAL UNIVERSITARIO DO PIAUI,Órgão Genérico Geratriz,46140,2017
HOSPITAL DE ENSINO DR WASHINGTON A. DE BARROS,Ministério da Educação,368850,2015
HOSPITAL DE ENSINO DR WASHINGTON A. DE BARROS,Ministério da Educação,190727,2016
HOSPITAL DE ENSINO DR WASHINGTON A. DE BARROS,Ministério da Educação,1072,2017
INST.NACIONAL DE INFECTOLOGIA EVANDRO CHAGAS,Ministério da Saúde,30260,2014
INST.NACIONAL DE INFECTOLOGIA EVANDRO CHAGAS,Ministério da Saúde,37394,2015
INST.NACIONAL DE INFECTOLOGIA EVANDRO CHAGAS,Ministério da Saúde,47846,2016
GRUPAMENTO DE APOIO DA SAÚDE,Ministério da Defesa,1253631,2014
GRUPAMENTO DE APOIO DA SAÚDE,Ministério da Defesa,1122873,2015
GRUPAMENTO DE APOIO DA SAÚDE,Ministério da Defesa,411122,2016
GRUPAMENTO DE APOIO DA SAÚDE,Ministério da Defesa,133864,2017
EBSERH - HOSPITAL UNIVERSITÁRIO DE BRASILIA,Órgão Genérico Geratriz,197288,2014
EBSERH - HOSPITAL UNIVERSITÁRIO DE BRASILIA,Órgão Genérico Geratriz,216129,2015
EBSERH - HOSPITAL UNIVERSITÁRIO DE BRASILIA,Órgão Genérico Geratriz,657573,2016
EBSERH - HOSPITAL UNIVERSITÁRIO DE BRASILIA,Órgão Genérico Geratriz,1077545,2017
EBSERH - HOSPITAL UNIVERSITÁRIO DE BRASILIA,Órgão Genérico Geratriz,538,2014
EBSERH - HOSPITAL UNIVERSITÁRIO DE BRASILIA,Órgão Genérico Geratriz,211,2015
EBSERH - HOSPITAL UNIVERSITÁRIO DE BRASILIA,Órgão Genérico Geratriz,12353,2016
EBSERH - HOSPITAL UNIVERSITARIO DE NATAL,Órgão Genérico Geratriz,742652,2015
EBSERH - HOSPITAL UNIVERSITARIO DE NATAL,Órgão Genérico Geratriz,384374,2016
EBSERH - HOSPITAL UNIVERSITARIO DE NATAL,Órgão Genérico Geratriz,488675,2017
EBSERH - MATERNIDADE JANUARIO CICCO,Órgão Genérico Geratriz,78404,2015
EBSERH - MATERNIDADE JANUARIO CICCO,Órgão Genérico Geratriz,155986,2016
EBSERH - MATERNIDADE JANUARIO CICCO,Órgão Genérico Geratriz,1019841,2017
EBSERH - HOSPITAL UNIVERSITÁRIO DE SERGIPE,Órgão Genérico Geratriz,1152,2014
EBSERH - HOSPITAL UNIVERSITÁRIO DE SERGIPE,Órgão Genérico Geratriz,11326,2015
EBSERH - HOSPITAL UNIVERSITÁRIO DE SERGIPE,Órgão Genérico Geratriz,28614,2016
EBSERH - HOSPITAL UNIVERSITÁRIO DE SERGIPE,Órgão Genérico Geratriz,1026,2017
EBSERH HUSM-UFSM,Órgão Genérico Geratriz,88734,2015
EBSERH HUSM-UFSM,Órgão Genérico Geratriz,63168,2016
EBSERH HUSM-UFSM,Órgão Genérico Geratriz,3856,2017
EBSERH HULW-UFPB,Órgão Genérico Geratriz,28107,2015
EBSERH HULW-UFPB,Órgão Genérico Geratriz,144291,2016
EBSERH HULW-UFPB,Órgão Genérico Geratriz,65279,2017
EBSERH HUMAP-UFMS,Órgão Genérico Geratriz,193919,2015
EBSERH HUMAP-UFMS,Órgão Genérico Geratriz,532477,2016
EBSERH HUMAP-UFMS,Órgão Genérico Geratriz,2304659,2017
GRUPAMENTO DE APOIO DO DISTRITO FED,Ministério da Defesa,95283,2016
GRUPAMENTO DE APOIO DO DISTRITO FED,Ministério da Defesa,641685,2017
EBSERH HU-UFSCAR,Órgão Genérico Geratriz,87,2016
EBSERH HU-UFSCAR,Órgão Genérico Geratriz,1190,2017
HOSPITAL DE DOEN�AS TROPICAIS DA UFT,Órgão Genérico Geratriz,367,2016
EBSERH HU-UFJF,Órgão Genérico Geratriz,2631,2016
EBSERH HU-UFJF,Órgão Genérico Geratriz,8043,2017
EBSERH HU-UFMA,Órgão Genérico Geratriz,209286,2017
GRUPAMENTO DE APOIO DE SÃO PAULO,Ministério da Defesa,230620,2017
Total,379359944,,
,,,
Dados atualizados em 10.5.2018,,,
Exportado em 3.10.2018,,,
Creditar a fonte: Datasc�pio (dados.org),,,
