Órgão,Subordinado a,Montante,Ano
COORDENACAO DE EXECUCAO ORC. E FINANCEIRA,"Ministério do Planejamento, Orçamento e Gestão",10724,2011
COMPANHIA NACIONAL DE ABASTECIMENTO,"Ministério da Agricultura, Pecuária e Abastecimento",84,2012
CONAB - SEDE SUREG SAO PAULO,"Ministério da Agricultura, Pecuária e Abastecimento",1353,2012
FCDF SSP CORPO BOMBEIRO MILITAR DO DF,"Transferencias a Estados, Distrito Federal e Municípios",1750,2012
MATERNIDADE CLIMERIO DE OLIVEIRA,Ministério da Educação,1660,2012
MATERNIDADE CLIMERIO DE OLIVEIRA,Ministério da Educação,3428,2013
MATERNIDADE CLIMERIO DE OLIVEIRA,Ministério da Educação,11572,2014
HOSPITAL PROF. EDGARD SANTOS DA UFBA,Ministério da Educação,52194,2011
HOSPITAL PROF. EDGARD SANTOS DA UFBA,Ministério da Educação,47101,2012
HOSPITAL PROF. EDGARD SANTOS DA UFBA,Ministério da Educação,14978,2013
HOSPITAL PROF. EDGARD SANTOS DA UFBA,Ministério da Educação,26751,2014
HOSPITAL PROF. EDGARD SANTOS DA UFBA,Ministério da Educação,100981,2015
HOSPITAL PROF. EDGARD SANTOS DA UFBA,Ministério da Educação,169747,2016
HOSPITAL UNIVERSITARIO WALTER CANTIDIO,Ministério da Educação,119050,2011
HOSPITAL UNIVERSITARIO WALTER CANTIDIO,Ministério da Educação,95954,2012
HOSPITAL UNIVERSITARIO WALTER CANTIDIO,Ministério da Educação,40299,2013
HOSPITAL UNIVERSITARIO WALTER CANTIDIO,Ministério da Educação,158240,2015
HOSPITAL UNIVERSITARIO WALTER CANTIDIO,Ministério da Educação,72223,2016
HOSPITAL UNIVERSITARIO WALTER CANTIDIO,Ministério da Educação,69307,2017
MATERNIDADE ESCOLA ASSIS CHATEAUBRIAND,Ministério da Educação,193,2013
HOSPITAL DAS CLINICAS DA UFGO,Ministério da Educação,113489,2011
HOSPITAL DAS CLINICAS DA UFGO,Ministério da Educação,28544,2012
HOSPITAL DAS CLINICAS DA UFGO,Ministério da Educação,21432,2013
HOSPITAL DAS CLINICAS DA UFGO,Ministério da Educação,13908,2014
HOSPITAL DAS CLINICAS DA UFGO,Ministério da Educação,36814,2015
HOSPITAL DAS CLINICAS DA UFGO,Ministério da Educação,57008,2016
HOSPITAL DAS CLINICAS DA UFGO,Ministério da Educação,134976,2017
PRO-REITORIA DE ADMINISTRACAO/UFF,Ministério da Educação,11106,2011
PRO-REITORIA DE ADMINISTRACAO/UFF,Ministério da Educação,5543,2012
PRO-REITORIA DE ADMINISTRACAO/UFF,Ministério da Educação,158,2014
PRO-REITORIA DE GRADUAÇÃO/UFF,Ministério da Educação,168,2013
HOSPITAL UNIVERSITARIO,Ministério da Educação,9840,2011
HOSPITAL UNIVERSITARIO,Ministério da Educação,10573,2012
HOSPITAL UNIVERSITARIO,Ministério da Educação,26890,2013
HOSPITAL UNIVERSITARIO,Ministério da Educação,11512,2014
HOSPITAL UNIVERSITARIO,Ministério da Educação,1045,2015
HOSPITAL UNIVERSITARIO,Ministério da Educação,13451,2016
HOSPITAL UNIVERSITARIO LAURO WANDERLEY-UFPB,Ministério da Educação,7493,2011
HOSPITAL UNIVERSITARIO LAURO WANDERLEY-UFPB,Ministério da Educação,8588,2012
HOSPITAL UNIVERSITARIO LAURO WANDERLEY-UFPB,Ministério da Educação,3215,2013
HOSPITAL UNIVERSITARIO LAURO WANDERLEY-UFPB,Ministério da Educação,1762,2014
HOSPITAL VITOR DO AMARAL,Ministério da Educação,2855,2014
UNIVERSIDADE FEDERAL DO PARANA,Ministério da Educação,1626,2013
UNIVERSIDADE FEDERAL DO PARANA,Ministério da Educação,21391,2014
UNIVERSIDADE FEDERAL DE PERNAMBUCO,Ministério da Educação,933,2012
HOSPITAL UNIVERSITARIO ANA BEZERRA,Ministério da Educação,1535,2011
HOSPITAL UNIVERSITARIO ANA BEZERRA,Ministério da Educação,193,2012
HOSPITAL UNIVERSITARIO ONOFRE LOPES DA UFRN,Ministério da Educação,15761,2011
HOSPITAL UNIVERSITARIO ONOFRE LOPES DA UFRN,Ministério da Educação,38119,2012
HOSPITAL UNIVERSITARIO ONOFRE LOPES DA UFRN,Ministério da Educação,7309,2013
CENTRO DE BIOCIENCIAS DA UFRN,Ministério da Educação,206,2012
MATERNIDADE ESCOLA JANUARIO CICCO DA UFRN,Ministério da Educação,12069,2011
MATERNIDADE ESCOLA JANUARIO CICCO DA UFRN,Ministério da Educação,2734,2012
MATERNIDADE ESCOLA JANUARIO CICCO DA UFRN,Ministério da Educação,1412,2013
HOSP.PEDIATRIA PROF. HERIBERTO F. BEZERRA,Ministério da Educação,2889,2011
HOSP.PEDIATRIA PROF. HERIBERTO F. BEZERRA,Ministério da Educação,1969,2012
HOSP.PEDIATRIA PROF. HERIBERTO F. BEZERRA,Ministério da Educação,181,2013
INSTITUTO PUERIC. PED MAT. GESTEIRA DA UFRJ,Ministério da Educação,47123,2011
INSTITUTO PUERIC. PED MAT. GESTEIRA DA UFRJ,Ministério da Educação,13494,2012
INSTITUTO PUERIC. PED MAT. GESTEIRA DA UFRJ,Ministério da Educação,26015,2015
INSTITUTO PUERIC. PED MAT. GESTEIRA DA UFRJ,Ministério da Educação,3407,2016
INSTITUTO PUERIC. PED MAT. GESTEIRA DA UFRJ,Ministério da Educação,35409,2017
HOSPITAL UNIVERSITARIO DA UFRJ,Ministério da Educação,62934,2011
HOSPITAL UNIVERSITARIO DA UFRJ,Ministério da Educação,60641,2012
HOSPITAL UNIVERSITARIO DA UFRJ,Ministério da Educação,93252,2013
HOSPITAL UNIVERSITARIO DA UFRJ,Ministério da Educação,5764,2015
HOSPITAL UNIVERSITARIO DA UFRJ,Ministério da Educação,729,2016
UNIVERSIDADE FEDERAL DE SANTA CATARINA,Ministério da Educação,25097,2012
UNIVERSIDADE FEDERAL DE SANTA CATARINA,Ministério da Educação,2993,2013
UNIVERSIDADE FEDERAL DE SANTA MARIA,Ministério da Educação,1774,2012
UNIVERSIDADE FEDERAL DE SANTA MARIA,Ministério da Educação,6390,2013
UNIVERSIDADE FEDERAL DE SANTA MARIA - HUSM,Ministério da Educação,57476,2011
UNIVERSIDADE FEDERAL DE SANTA MARIA - HUSM,Ministério da Educação,26528,2012
UNIVERSIDADE FEDERAL DE SANTA MARIA - HUSM,Ministério da Educação,162013,2013
UNIVERSIDADE FEDERAL DE SANTA MARIA - HUSM,Ministério da Educação,380695,2014
UNIVERSIDADE FEDERAL DE SANTA MARIA - HUSM,Ministério da Educação,206879,2015
FUNDACAO UNIVERSIDADE FEDERAL DO TOCANTINS,Ministério da Educação,68945,2016
HOSPITAL UNIV. GAFFREE E GUINLE DA UNIRIO,Ministério da Educação,42247,2011
HOSPITAL UNIV. GAFFREE E GUINLE DA UNIRIO,Ministério da Educação,45475,2012
HOSPITAL UNIV. GAFFREE E GUINLE DA UNIRIO,Ministério da Educação,65249,2013
HOSPITAL UNIV. GAFFREE E GUINLE DA UNIRIO,Ministério da Educação,919,2014
HOSPITAL UNIV. GAFFREE E GUINLE DA UNIRIO,Ministério da Educação,13827,2015
HOSPITAL UNIV. GAFFREE E GUINLE DA UNIRIO,Ministério da Educação,47013,2016
HOSPITAL UNIV. GAFFREE E GUINLE DA UNIRIO,Ministério da Educação,77503,2017
HOSPITAL UNIVERSITARIO DE BRASILIA - HUB,Ministério da Educação,222141,2011
HOSPITAL UNIVERSITARIO DE BRASILIA - HUB,Ministério da Educação,55524,2012
HOSPITAL UNIVERSITARIO DE BRASILIA - HUB,Ministério da Educação,66901,2013
HOSPITAL UNIVERSITARIO DE BRASILIA - HUB,Ministério da Educação,16295,2014
HOSPITAL UNIVERSITARIO DE BRASILIA - HUB,Ministério da Educação,1643,2015
UNIVERSIDADE FEDERAL DO RIO GRANDE - FURG,Ministério da Educação,11673,2011
UNIVERSIDADE FEDERAL DO RIO GRANDE - FURG,Ministério da Educação,65463,2012
UNIVERSIDADE FEDERAL DO RIO GRANDE - FURG,Ministério da Educação,249851,2013
UNIVERSIDADE FEDERAL DO RIO GRANDE - FURG,Ministério da Educação,18637,2014
UNIVERSIDADE FEDERAL DO RIO GRANDE - FURG,Ministério da Educação,32084,2015
UNIVERSIDADE FEDERAL DO RIO GRANDE - FURG,Ministério da Educação,9838,2016
UNIVERSIDADE FEDERAL DO RIO GRANDE - FURG,Ministério da Educação,245919,2017
UNIVERSIDADE FEDERAL DO RIO GRANDE - FURG,Ministério da Educação,2761,2013
HOSPITAL DE CLINICAS DA UFU,Ministério da Educação,23132,2012
HOSPITAL DE CLINICAS DA UFU,Ministério da Educação,5441,2013
HOSPITAL DE CLINICAS DA UFU,Ministério da Educação,1912,2014
HOSPITAL DE CLINICAS DA UFU,Ministério da Educação,208483,2015
HOSPITAL DE CLINICAS DA UFU,Ministério da Educação,149190,2016
HOSPITAL DE CLINICAS DA UFU,Ministério da Educação,60658,2017
FUNDACAO UNIVERSIDADE FEDERAL DE PELOTAS,Ministério da Educação,482,2014
FUNDACAO UNIVERSIDADE FEDERAL DE S.J.DEL-REI,Ministério da Educação,12372,2012
HOSPITAL DE CLINICAS DE PORTO ALEGRE,Ministério da Educação,186280,2011
HOSPITAL DE CLINICAS DE PORTO ALEGRE,Ministério da Educação,470702,2012
HOSPITAL DE CLINICAS DE PORTO ALEGRE,Ministério da Educação,513958,2013
HOSPITAL DE CLINICAS DE PORTO ALEGRE,Ministério da Educação,227847,2014
HOSPITAL DE CLINICAS DE PORTO ALEGRE,Ministério da Educação,240295,2015
HOSPITAL DE CLINICAS DE PORTO ALEGRE,Ministério da Educação,69021,2016
HOSPITAL DE CLINICAS DE PORTO ALEGRE,Ministério da Educação,469356,2017
FUNDO NACIONAL DE DESENVOLVIMENTO DA EDUCACAO,Ministério da Educação,18872,2011
HOSPITAL UNIVERSITARIO PROF ALBERTO ANTUNES,Ministério da Educação,35497,2011
HOSPITAL UNIVERSITARIO PROF ALBERTO ANTUNES,Ministério da Educação,31613,2012
HOSPITAL UNIVERSITARIO PROF ALBERTO ANTUNES,Ministério da Educação,21068,2013
HOSPITAL UNIVERSITARIO PROF ALBERTO ANTUNES,Ministério da Educação,13884,2016
COMPLEXO HOSPITALAR E DE SAUDE DA UFBA,Ministério da Educação,17456,2012
COMPLEXO HOSPITALAR E DE SAUDE DA UFBA,Ministério da Educação,40203,2013
COMPLEXO HOSPITALAR E DE SAUDE DA UFBA,Ministério da Educação,52852,2017
HOSPITAL UNIVERSITARIO C. ANTONIO MORAIS/UFES,Ministério da Educação,27179,2011
HOSPITAL UNIVERSITARIO C. ANTONIO MORAIS/UFES,Ministério da Educação,12488,2012
HOSPITAL UNIVERSITARIO C. ANTONIO MORAIS/UFES,Ministério da Educação,25482,2013
HOSPITAL UNIVERSITARIO C. ANTONIO MORAIS/UFES,Ministério da Educação,11322,2014
HOSPITAL UNIVERSITARIO C. ANTONIO MORAIS/UFES,Ministério da Educação,13859,2015
HOSPITAL UNIVERSITARIO C. ANTONIO MORAIS/UFES,Ministério da Educação,7370,2016
HOSPITAL UNIVERSITARIO C. ANTONIO MORAIS/UFES,Ministério da Educação,7109,2017
HOSPITAL UNIVERSITARIO ANTONIO PEDRO DA UFF,Ministério da Educação,11083,2011
HOSPITAL UNIVERSITARIO ANTONIO PEDRO DA UFF,Ministério da Educação,197709,2012
HOSPITAL UNIVERSITARIO ANTONIO PEDRO DA UFF,Ministério da Educação,50223,2013
HOSPITAL UNIVERSITARIO ANTONIO PEDRO DA UFF,Ministério da Educação,32859,2014
HOSPITAL UNIVERSITARIO ANTONIO PEDRO DA UFF,Ministério da Educação,102927,2015
HOSPITAL UNIVERSITARIO ANTONIO PEDRO DA UFF,Ministério da Educação,47620,2017
HOSPITAL CLINICAS/UFMG,Ministério da Educação,46457,2011
HOSPITAL CLINICAS/UFMG,Ministério da Educação,52810,2012
HOSPITAL CLINICAS/UFMG,Ministério da Educação,8761,2013
HOSPITAL CLINICAS/UFMG,Ministério da Educação,14129,2014
HOSPITAL CLINICAS/UFMG,Ministério da Educação,188636,2015
HOSPITAL CLINICAS/UFMG,Ministério da Educação,152681,2016
HOSPITAL CLINICAS/UFMG,Ministério da Educação,149499,2017
HOSPITAL UNIVERSITARIO JOAO DE BARROS BARRETO,Ministério da Educação,70623,2011
HOSPITAL UNIVERSITARIO JOAO DE BARROS BARRETO,Ministério da Educação,54776,2012
HOSPITAL UNIVERSITARIO JOAO DE BARROS BARRETO,Ministério da Educação,6608,2013
HOSPITAL UNIVERSITARIO JOAO DE BARROS BARRETO,Ministério da Educação,104337,2016
HOSPITAL UNIVERSITARIO JOAO DE BARROS BARRETO,Ministério da Educação,156627,2017
HOSPITAL UNIVERSITARIO BETTINA FERRO DE SOUZA,Ministério da Educação,7738,2011
HOSPITAL UNIVERSITARIO BETTINA FERRO DE SOUZA,Ministério da Educação,3278,2012
HOSPITAL DE CLINICAS DA UFPR,Ministério da Educação,248671,2011
HOSPITAL DE CLINICAS DA UFPR,Ministério da Educação,244624,2012
HOSPITAL DE CLINICAS DA UFPR,Ministério da Educação,775933,2013
HOSPITAL DE CLINICAS DA UFPR,Ministério da Educação,793273,2014
HOSPITAL DE CLINICAS DA UFPR,Ministério da Educação,162113,2015
HOSPITAL DE CLINICAS DA UFPR,Ministério da Educação,53753,2016
HOSPITAL DE CLINICAS DA UFPR,Ministério da Educação,40828,2017
HOSPITAL DAS CLINICAS - UFPE,Ministério da Educação,74029,2011
HOSPITAL DAS CLINICAS - UFPE,Ministério da Educação,58084,2012
HOSPITAL DAS CLINICAS - UFPE,Ministério da Educação,13440,2013
HOSPITAL DAS CLINICAS - UFPE,Ministério da Educação,13281,2014
HOSPITAL DAS CLINICAS - UFPE,Ministério da Educação,27530,2015
HOSPITAL DAS CLINICAS - UFPE,Ministério da Educação,26641,2016
HOSPITAL DAS CLINICAS - UFPE,Ministério da Educação,107228,2017
HOSPITAL UNIVERSITARIO (HU/UFGD),Ministério da Educação,2628,2011
HOSPITAL UNIVERSITARIO (HU/UFGD),Ministério da Educação,13844,2012
HOSPITAL UNIVERSITARIO (HU/UFGD),Ministério da Educação,419996,2013
HOSPITAL UNIVERSITARIO (HU/UFGD),Ministério da Educação,977,2014
HOSPITAL UNIVERSITARIO (HU/UFGD),Ministério da Educação,30032,2015
HOSPITAL UNIVERSITARIO (HU/UFGD),Ministério da Educação,22601,2016
HOSPITAL UNIVERSITARIO - UFSC,Ministério da Educação,29147,2011
HOSPITAL UNIVERSITARIO - UFSC,Ministério da Educação,25291,2012
HOSPITAL UNIVERSITARIO - UFSC,Ministério da Educação,51712,2013
HOSPITAL UNIVERSITARIO - UFSC,Ministério da Educação,133831,2014
HOSPITAL UNIVERSITARIO - UFSC,Ministério da Educação,109860,2015
HOSPITAL UNIVERSITARIO - UFSC,Ministério da Educação,28561,2016
HOSPITAL UNIVERSITARIO - UFSC,Ministério da Educação,51685,2017
HOSPITAL UNIVERSITARIO ALCIDES CARNEIRO/UFCG,Ministério da Educação,23273,2011
HOSPITAL UNIVERSITARIO ALCIDES CARNEIRO/UFCG,Ministério da Educação,40428,2012
HOSPITAL UNIVERSITARIO ALCIDES CARNEIRO/UFCG,Ministério da Educação,21520,2013
HOSPITAL UNIVERSITARIO ALCIDES CARNEIRO/UFCG,Ministério da Educação,23487,2017
HOSPITAL DE CLINICAS DA UFTM,Ministério da Educação,12656,2011
HOSPITAL DE CLINICAS DA UFTM,Ministério da Educação,825,2012
HOSPITAL DE CLINICAS DA UFTM,Ministério da Educação,19443,2013
HOSPITAL DE CLINICAS DA UFTM,Ministério da Educação,16472,2014
HOSPITAL DE CLINICAS DA UFTM,Ministério da Educação,40858,2015
HOSPITAL DE CLINICAS DA UFTM,Ministério da Educação,87898,2016
HOSPITAL DE CLINICAS DA UFTM,Ministério da Educação,74662,2017
HOSPITAL UNIVERSITARIO GETULIO VARGAS,Ministério da Educação,3712,2011
HOSPITAL UNIVERSITARIO GETULIO VARGAS,Ministério da Educação,12639,2012
HOSPITAL UNIVERSITARIO GETULIO VARGAS,Ministério da Educação,2306,2013
HOSPITAL UNIVERSITARIO,Ministério da Educação,28948,2011
HOSPITAL UNIVERSITARIO,Ministério da Educação,82007,2012
HOSPITAL UNIVERSITARIO,Ministério da Educação,56131,2013
HOSPITAL UNIVERSITARIO JULIO MULLER DA FUFMT,Ministério da Educação,10048,2011
HOSPITAL UNIVERSITARIO JULIO MULLER DA FUFMT,Ministério da Educação,43379,2012
HOSPITAL UNIVERSITARIO JULIO MULLER DA FUFMT,Ministério da Educação,79689,2013
HOSPITAL UNIVERSITARIO JULIO MULLER DA FUFMT,Ministério da Educação,650,2014
HOSPITAL ESCOLA DA UFPEL,Ministério da Educação,11457,2011
HOSPITAL ESCOLA DA UFPEL,Ministério da Educação,4133,2012
HOSPITAL ESCOLA DA UFPEL,Ministério da Educação,783,2013
HOSPITAL ESCOLA DA UFPEL,Ministério da Educação,20757,2014
HOSPITAL ESCOLA DA UFPEL,Ministério da Educação,34707,2015
HOSPITAL UNIVERSITARIO MARIA AP. PEDROSSIAM,Ministério da Educação,109340,2011
HOSPITAL UNIVERSITARIO MARIA AP. PEDROSSIAM,Ministério da Educação,16864,2012
HOSPITAL UNIVERSITARIO MARIA AP. PEDROSSIAM,Ministério da Educação,17152,2013
HOSPITAL UNIVERSITARIO MARIA AP. PEDROSSIAM,Ministério da Educação,15176,2014
HOSPITAL UNIVERSITARIO MARIA AP. PEDROSSIAM,Ministério da Educação,46544,2015
"INST.FED.DE EDUC.,CIENC.E TEC.DO PARANA",Ministério da Educação,429,2013
"INST.FED.DE EDUC.,CIENC.E TEC.DO PARANA",Ministério da Educação,1210,2014
FUNDACAO OSWALDO CRUZ,Ministério da Saúde,1421238,2011
FUNDACAO OSWALDO CRUZ,Ministério da Saúde,590467,2012
FUNDACAO OSWALDO CRUZ,Ministério da Saúde,67938,2013
FUNDACAO OSWALDO CRUZ,Ministério da Saúde,1039122,2014
FUNDACAO OSWALDO CRUZ,Ministério da Saúde,772431,2015
CENTRO DE PESQUISAS AGGEU MAGALHAES,Ministério da Saúde,22957,2011
INSTITUTO FERNANDES FIGUEIRA,Ministério da Saúde,65680,2011
INSTITUTO FERNANDES FIGUEIRA,Ministério da Saúde,24946,2012
INSTITUTO FERNANDES FIGUEIRA,Ministério da Saúde,9998,2013
INSTITUTO FERNANDES FIGUEIRA,Ministério da Saúde,83348,2014
INSTITUTO FERNANDES FIGUEIRA,Ministério da Saúde,63975,2015
INSTITUTO FERNANDES FIGUEIRA,Ministério da Saúde,31861,2017
ESCOLA NAC. DE SAUDE PUBLICA SERGIO AROUCA,Ministério da Saúde,87660,2014
INSTITUTO OSWALDO CRUZ,Ministério da Saúde,1479,2011
INSTITUTO OSWALDO CRUZ,Ministério da Saúde,3692,2012
INSTITUTO OSWALDO CRUZ,Ministério da Saúde,1255,2013
HOSPITAL CRISTO REDENTOR S/A,Ministério da Saúde,3049,2011
HOSPITAL CRISTO REDENTOR S/A,Ministério da Saúde,2370,2012
HOSPITAL FEMINA S/A,Ministério da Saúde,11130,2011
HOSPITAL FEMINA S/A,Ministério da Saúde,8672,2012
HOSPITAL NOSSA SENHORA DA CONCEICAO S/A,Ministério da Saúde,61800,2011
HOSPITAL NOSSA SENHORA DA CONCEICAO S/A,Ministério da Saúde,198745,2012
HOSPITAL NOSSA SENHORA DA CONCEICAO S/A,Ministério da Saúde,391076,2013
HOSPITAL NOSSA SENHORA DA CONCEICAO S/A,Ministério da Saúde,103881,2014
HOSPITAL NOSSA SENHORA DA CONCEICAO S/A,Ministério da Saúde,108371,2015
HOSPITAL NOSSA SENHORA DA CONCEICAO S/A,Ministério da Saúde,129912,2016
HOSPITAL NOSSA SENHORA DA CONCEICAO S/A,Ministério da Saúde,230393,2017
FUNDACAO NACIONAL DE SAUDE - DF,Ministério da Saúde,330169,2011
FUNDACAO NACIONAL DE SAUDE - PA,Ministério da Saúde,1438,2011
FUNDACAO NACIONAL DE SAUDE - RS,Ministério da Saúde,19084,2011
DEPARTAMENTO DE LOGISTICA EM SAUDE - DLOG,Ministério da Saúde,339253,2011
DEPARTAMENTO DE LOGISTICA EM SAUDE - DLOG,Ministério da Saúde,644980,2012
DEPARTAMENTO DE LOGISTICA EM SAUDE - DLOG,Ministério da Saúde,456030,2013
DEPARTAMENTO DE LOGISTICA EM SAUDE - DLOG,Ministério da Saúde,1522513,2014
DEPARTAMENTO DE LOGISTICA EM SAUDE - DLOG,Ministério da Saúde,17,2016
HOSPITAL FEDERAL DE BONSUCESSO,Ministério da Saúde,81914,2011
HOSPITAL FEDERAL DE BONSUCESSO,Ministério da Saúde,5326,2012
HOSPITAL FEDERAL DE BONSUCESSO,Ministério da Saúde,49669,2013
HOSPITAL FEDERAL DE BONSUCESSO,Ministério da Saúde,309175,2014
HOSPITAL FEDERAL DE BONSUCESSO,Ministério da Saúde,785720,2015
HOSPITAL FEDERAL DE BONSUCESSO,Ministério da Saúde,189175,2016
HOSPITAL FEDERAL DE BONSUCESSO,Ministério da Saúde,369293,2017
INSTITUTO NACIONAL DO CANCER - RJ,Ministério da Saúde,341086,2011
INSTITUTO NACIONAL DO CANCER - RJ,Ministério da Saúde,339,2012
INSTITUTO NACIONAL DO CANCER - RJ,Ministério da Saúde,140965,2013
INSTITUTO NACIONAL DO CANCER - RJ,Ministério da Saúde,824018,2014
INSTITUTO NACIONAL DO CANCER - RJ,Ministério da Saúde,1327686,2015
INSTITUTO NACIONAL DO CANCER - RJ,Ministério da Saúde,1995329,2016
INSTITUTO NACIONAL DO CANCER - RJ,Ministério da Saúde,5433179,2017
INST. NACIONAL DE TRAUMATOLOGIA E ORTOPEDIA,Ministério da Saúde,30472,2011
INST. NACIONAL DE TRAUMATOLOGIA E ORTOPEDIA,Ministério da Saúde,23356,2012
INST. NACIONAL DE TRAUMATOLOGIA E ORTOPEDIA,Ministério da Saúde,83458,2013
INST. NACIONAL DE TRAUMATOLOGIA E ORTOPEDIA,Ministério da Saúde,28273,2014
INST. NACIONAL DE TRAUMATOLOGIA E ORTOPEDIA,Ministério da Saúde,6633,2015
INST. NACIONAL DE TRAUMATOLOGIA E ORTOPEDIA,Ministério da Saúde,276349,2017
INSTITUTO NACIONAL DE CARDIOLOGIA,Ministério da Saúde,14547,2011
INSTITUTO NACIONAL DE CARDIOLOGIA,Ministério da Saúde,24309,2012
INSTITUTO NACIONAL DE CARDIOLOGIA,Ministério da Saúde,10520,2013
INSTITUTO NACIONAL DE CARDIOLOGIA,Ministério da Saúde,789,2014
INSTITUTO NACIONAL DE CARDIOLOGIA,Ministério da Saúde,129874,2015
INSTITUTO NACIONAL DE CARDIOLOGIA,Ministério da Saúde,418,2016
INSTITUTO NACIONAL DE CARDIOLOGIA,Ministério da Saúde,1483607,2017
HOSPITAL FEDERAL DOS SERVIDORES DO ESTADO,Ministério da Saúde,104395,2011
HOSPITAL FEDERAL DOS SERVIDORES DO ESTADO,Ministério da Saúde,202699,2012
HOSPITAL FEDERAL DOS SERVIDORES DO ESTADO,Ministério da Saúde,25962,2013
HOSPITAL FEDERAL DOS SERVIDORES DO ESTADO,Ministério da Saúde,2574970,2014
HOSPITAL FEDERAL DOS SERVIDORES DO ESTADO,Ministério da Saúde,736466,2015
HOSPITAL FEDERAL DOS SERVIDORES DO ESTADO,Ministério da Saúde,454838,2017
HOSPITAL FEDERAL DE IPANEMA,Ministério da Saúde,7225,2011
HOSPITAL FEDERAL DE IPANEMA,Ministério da Saúde,34149,2012
HOSPITAL FEDERAL DE IPANEMA,Ministério da Saúde,10098,2013
HOSPITAL FEDERAL DE IPANEMA,Ministério da Saúde,372377,2014
HOSPITAL FEDERAL DE IPANEMA,Ministério da Saúde,272867,2015
HOSPITAL FEDERAL DE IPANEMA,Ministério da Saúde,74774,2016
HOSPITAL FEDERAL DE IPANEMA,Ministério da Saúde,69982,2017
HOSPITAL FEDERAL CARDOSO FONTES,Ministério da Saúde,112539,2011
HOSPITAL FEDERAL CARDOSO FONTES,Ministério da Saúde,127334,2012
HOSPITAL FEDERAL CARDOSO FONTES,Ministério da Saúde,15882,2013
HOSPITAL FEDERAL CARDOSO FONTES,Ministério da Saúde,126257,2014
HOSPITAL FEDERAL CARDOSO FONTES,Ministério da Saúde,271669,2015
HOSPITAL FEDERAL CARDOSO FONTES,Ministério da Saúde,55145,2017
HOSPITAL FEDERAL DA LAGOA,Ministério da Saúde,183606,2011
HOSPITAL FEDERAL DA LAGOA,Ministério da Saúde,152457,2012
HOSPITAL FEDERAL DA LAGOA,Ministério da Saúde,24691,2013
HOSPITAL FEDERAL DA LAGOA,Ministério da Saúde,37251,2014
HOSPITAL FEDERAL DA LAGOA,Ministério da Saúde,223834,2015
HOSPITAL FEDERAL DA LAGOA,Ministério da Saúde,234561,2017
HOSPITAL FEDERAL DO ANDARAI,Ministério da Saúde,137284,2011
HOSPITAL FEDERAL DO ANDARAI,Ministério da Saúde,118087,2012
HOSPITAL FEDERAL DO ANDARAI,Ministério da Saúde,28516,2013
HOSPITAL FEDERAL DO ANDARAI,Ministério da Saúde,4057,2014
HOSPITAL FEDERAL DO ANDARAI,Ministério da Saúde,950103,2015
HOSPITAL FEDERAL DO ANDARAI,Ministério da Saúde,213847,2016
HOSPITAL FEDERAL DO ANDARAI,Ministério da Saúde,578169,2017
SUBSECR. DE PLANEJ. ORCAM. E ADMINISTRACAO/ME,Ministério do Esporte,11235,2012
VI COMANDO AEREO REGIONAL,Ministério da Defesa,4527,2011
VI COMANDO AEREO REGIONAL,Ministério da Defesa,263,2015
GRUPAMENTO DE INFRA-EST E APOIO DE S J CAMPOS,Ministério da Defesa,59,2014
BASE AEREA DE RECIFE,Ministério da Defesa,375,2011
BASE AEREA DE RECIFE,Ministério da Defesa,197,2012
HOSPITAL DE AERONAUTICA DE RECIFE,Ministério da Defesa,11845,2011
HOSPITAL DE AERONAUTICA DE RECIFE,Ministério da Defesa,6497,2012
HOSPITAL DE AERONAUTICA DE RECIFE,Ministério da Defesa,26708,2013
HOSPITAL DE AERONAUTICA DE RECIFE,Ministério da Defesa,1042,2014
ESCOLA PREPARATORIA DE CADETES DO AR,Ministério da Defesa,391,2011
ESCOLA PREPARATORIA DE CADETES DO AR,Ministério da Defesa,2534,2014
ESCOLA PREPARATORIA DE CADETES DO AR,Ministério da Defesa,4585,2015
BASE AEREA DOS AFONSOS,Ministério da Defesa,197,2012
HOSPITAL CENTRAL AERONAUTICA,Ministério da Defesa,5919,2012
HOSPITAL CENTRAL AERONAUTICA,Ministério da Defesa,15976,2013
HOSPITAL DE AERONAUTICA DOS AFONSOS,Ministério da Defesa,6905,2012
HOSPITAL DE FORCA AEREA DO GALEAO,Ministério da Defesa,5823,2011
ACADEMIA DA FORCA AEREA,Ministério da Defesa,1938,2011
ACADEMIA DA FORCA AEREA,Ministério da Defesa,12224,2012
ACADEMIA DA FORCA AEREA,Ministério da Defesa,221,2013
HOSPITAL DE AERONAUTICA DE SAO PAULO,Ministério da Defesa,148407,2015
SEGUNDO CENTRO INT.DEF.AEREA CONTR.TFG.AEREO,Ministério da Defesa,4517,2011
SEGUNDO CENTRO INT.DEF.AEREA CONTR.TFG.AEREO,Ministério da Defesa,3621,2012
SEGUNDO CENTRO INT.DEF.AEREA CONTR.TFG.AEREO,Ministério da Defesa,7884,2013
SEGUNDO CENTRO INT.DEF.AEREA CONTR.TFG.AEREO,Ministério da Defesa,1130,2014
SEGUNDO CENTRO INT.DEF.AEREA CONTR.TFG.AEREO,Ministério da Defesa,880,2015
V COMANDO AEREO REGIONAL,Ministério da Defesa,6807,2011
V COMANDO AEREO REGIONAL,Ministério da Defesa,2789,2012
V COMANDO AEREO REGIONAL,Ministério da Defesa,10397,2013
V COMANDO AEREO REGIONAL,Ministério da Defesa,1624,2014
V COMANDO AEREO REGIONAL,Ministério da Defesa,14653,2015
V COMANDO AEREO REGIONAL,Ministério da Defesa,40425,2016
BASE AEREA DE SANTA MARIA,Ministério da Defesa,3702,2013
BASE AEREA DE SANTA MARIA,Ministério da Defesa,358,2014
HOSPITAL DE FORCA AEREA DE BRASILIA,Ministério da Defesa,3705,2011
HOSPITAL DE FORCA AEREA DE BRASILIA,Ministério da Defesa,5245,2013
HOSPITAL GERAL DE FORTALEZA,Ministério da Defesa,644,2011
16 BATALHAO LOGISTICO,Ministério da Defesa,5377,2012
3 ESQUADRAO DE CAVALARIA MECANIZADO,Ministério da Defesa,2067,2011
HOSPITAL MILITAR DE AREA DE BRASILIA,Ministério da Defesa,19964,2011
38  BATALHAO DE INFANTARIA,Ministério da Defesa,1099,2011
10 BATALHAO DE INFANTARIA,Ministério da Defesa,51,2013
HOSPITAL GERAL DE JUIZ DE FORA,Ministério da Defesa,899,2013
9.BATALHAO DE SUPRIMENTO,Ministério da Defesa,2892,2011
9.BATALHAO DE SUPRIMENTO,Ministério da Defesa,6275,2014
HOSPITAL MILITAR DE AREA DE CAMPO GRANDE,Ministério da Defesa,722,2012
HOSPITAL MILITAR DE AREA DE CAMPO GRANDE,Ministério da Defesa,2362,2013
HOSPITAL MILITAR DE AREA DE CAMPO GRANDE,Ministério da Defesa,262,2014
HOSPITAL MILITAR DE AREA DE CAMPO GRANDE,Ministério da Defesa,153348,2017
8. DEPOSITO DE SUPRIMENTO,Ministério da Defesa,1998,2013
HOSPITAL GERAL DE BELEM,Ministério da Defesa,6947,2011
HOSPITAL GERAL DE BELEM,Ministério da Defesa,2687,2012
HOSPITAL MILITAR DE AREA DE RECIFE,Ministério da Defesa,238,2011
HOSPITAL MILITAR DE AREA DE RECIFE,Ministério da Defesa,335087,2017
20 BATALHAO DE INFANTARIA BLINDADO,Ministério da Defesa,2018,2014
5 ESQUADRAO DE CAVALARIA MECANIZADA,Ministério da Defesa,329,2012
COMANDO 5 REGIAO MILITAR/5 DIVISAO  EXERCITO,Ministério da Defesa,983,2012
COMANDO 5 REGIAO MILITAR/5 DIVISAO  EXERCITO,Ministério da Defesa,9243,2014
5. BATALHAO DE SUPRIMENTO,Ministério da Defesa,1825,2011
5. BATALHAO DE SUPRIMENTO,Ministério da Defesa,35431,2014
HOSPITAL GERAL DE CURITIBA,Ministério da Defesa,397,2011
HOSPITAL GERAL DE CURITIBA,Ministério da Defesa,10333,2012
HOSPITAL GERAL DE CURITIBA,Ministério da Defesa,91240,2013
HOSPITAL GERAL DE CURITIBA,Ministério da Defesa,40354,2014
HOSPITAL GERAL DE CURITIBA,Ministério da Defesa,121949,2015
HOSPITAL GERAL DE CURITIBA,Ministério da Defesa,194225,2016
HOSPITAL GERAL DE CURITIBA,Ministério da Defesa,1140240,2017
HOSPITAL CENTRAL DO EXERCITO,Ministério da Defesa,1550,2011
10 BATALHAO LOGISTICO,Ministério da Defesa,1755,2013
HOSPITAL DA GUARNICAO DE ALEGRETE,Ministério da Defesa,1510,2013
25 GRUPO DE ARTILHARIA DE CAMPANHA,Ministério da Defesa,107,2013
HOSPITAL DE GUARNICAO DE BAGE,Ministério da Defesa,899,2013
3 BATALHAO DE SUPRIMENTO,Ministério da Defesa,3522,2012
3 BATALHAO DE SUPRIMENTO,Ministério da Defesa,1869,2013
COMANDO DE ARTILHARIA DIVISIONARIA/3 RM,Ministério da Defesa,12928,2014
3 BATALHAO DE POLICIA DO EXERCITO,Ministério da Defesa,1001,2012
3 BATALHAO DE POLICIA DO EXERCITO,Ministério da Defesa,314,2013
HOSPITAL MILITAR DE AREA DE PORTO ALEGRE,Ministério da Defesa,1764,2011
HOSPITAL MILITAR DE AREA DE PORTO ALEGRE,Ministério da Defesa,15345,2013
HOSPITAL MILITAR DE AREA DE PORTO ALEGRE,Ministério da Defesa,276,2014
HOSPITAL MILITAR DE AREA DE PORTO ALEGRE,Ministério da Defesa,46106,2015
HOSPITAL MILITAR DE AREA DE PORTO ALEGRE,Ministério da Defesa,217739,2016
POLICLINICA MILITAR DE PORTO ALEGRE,Ministério da Defesa,3006,2015
HOSPITAL DE GUARNICAO DE SANTA MARIA,Ministério da Defesa,32849,2013
HOSPITAL DE GUARNICAO DE SANTA MARIA,Ministério da Defesa,43996,2014
HOSPITAL DE GUARNICAO DE SANTA MARIA,Ministério da Defesa,98779,2015
HOSPITAL DE GUARNICAO DE SANTA MARIA,Ministério da Defesa,9707,2016
HOSPITAL DE GUARNICAO DE SANTIAGO,Ministério da Defesa,414,2011
HOSPITAL DE GUARNICAO DE SANTIAGO,Ministério da Defesa,812,2015
HOSPITAL DE GUARNICAO DE FLORIANOPOLIS,Ministério da Defesa,3577,2013
HOSPITAL DE GUARNICAO DE FLORIANOPOLIS,Ministério da Defesa,38877,2014
HOSPITAL DE GUARNICAO DE FLORIANOPOLIS,Ministério da Defesa,4855,2015
2 GRUPO DE ARTILHARIA DE CAMPANHA LEVE,Ministério da Defesa,1233,2014
15 BATALHAO LOGISTICO,Ministério da Defesa,4187,2015
BASE ADMINISTRATIVA DO C COM G E EX,Ministério da Defesa,522,2011
ESCOLA DE APERFEICOAMENTO DE SARGENTOS,Ministério da Defesa,247,2013
COMANDO DA 16A BRIGADA DE INFANTARIA DE SELVA,Ministério da Defesa,847,2012
COMANDO DA 16A BRIGADA DE INFANTARIA DE SELVA,Ministério da Defesa,1096,2014
DIRETORIA DE SAUDE DA MARINHA,Ministério da Defesa,377947,2013
DIRETORIA DE SAUDE DA MARINHA,Ministério da Defesa,225967,2016
DIRETORIA DE SAUDE DA MARINHA,Ministério da Defesa,382614,2017
POLICLINICA NAVAL NOSSA SENHORA DA GLORIA,Ministério da Defesa,3295,2011
UNIDADE INTEGRADA DE SAUDE MENTAL,Ministério da Defesa,1065,2016
HOSPITAL NAVAL MARCILIO DIAS,Ministério da Defesa,36879,2011
HOSPITAL NAVAL MARCILIO DIAS,Ministério da Defesa,40313,2012
HOSPITAL NAVAL MARCILIO DIAS,Ministério da Defesa,92783,2013
HOSPITAL NAVAL MARCILIO DIAS,Ministério da Defesa,424557,2014
HOSPITAL NAVAL MARCILIO DIAS,Ministério da Defesa,3583,2015
HOSPITAL NAVAL MARCILIO DIAS,Ministério da Defesa,1938,2016
HOSPITAL NAVAL MARCILIO DIAS,Ministério da Defesa,166349,2017
CENTRO DE OBTENCAO DA MARINHA NO R.J.,Ministério da Defesa,8771,2011
CENTRO DE OBTENCAO DA MARINHA NO R.J.,Ministério da Defesa,5586,2012
CENTRO DE OBTENCAO DA MARINHA NO R.J.,Ministério da Defesa,2013,2013
CENTRO DE OBTENCAO DA MARINHA NO R.J.,Ministério da Defesa,78436,2014
HOSPITAL NAVAL_DE SALVADOR,Ministério da Defesa,2246,2011
HOSPITAL NAVAL DE RECIFE,Ministério da Defesa,12466,2013
CENTRO DE INTENDENCIA DA MARINHA EM MANAUS,Ministério da Defesa,39847,2011
HOSPITAL DAS FORCAS ARMADAS,Ministério da Defesa,48895,2011
HOSPITAL DAS FORCAS ARMADAS,Ministério da Defesa,92671,2012
HOSPITAL DAS FORCAS ARMADAS,Ministério da Defesa,15903,2013
HOSPITAL DAS FORCAS ARMADAS,Ministério da Defesa,13855,2015
HOSPITAL DAS FORCAS ARMADAS,Ministério da Defesa,5185,2016
HOSPITAL DAS FORCAS ARMADAS,Ministério da Defesa,268782,2017
HOSPITAL GERAL DE JUIZ DE FORA,Ministério da Defesa,1669,2011
HOSPITAL GERAL DE JUIZ DE FORA,Ministério da Defesa,2357,2013
HOSPITAL GERAL DE JUIZ DE FORA,Ministério da Defesa,23939,2014
COMANDO 5 REGIAO MILITAR/5 DIVISAO  EXERCITO,Ministério da Defesa,3081,2014
HOSPITAL GERAL DE CURITIBA,Ministério da Defesa,146082,2011
HOSPITAL GERAL DE CURITIBA,Ministério da Defesa,157594,2012
HOSPITAL GERAL DE CURITIBA,Ministério da Defesa,179651,2013
HOSPITAL GERAL DE CURITIBA,Ministério da Defesa,162538,2014
HOSPITAL GERAL DE CURITIBA,Ministério da Defesa,52366,2015
HOSPITAL GERAL DE CURITIBA,Ministério da Defesa,315411,2016
HOSPITAL GERAL DE CURITIBA,Ministério da Defesa,720945,2017
15 GRUPO DE ART.DE CAMP.AUTOPROPULSADO-15 GAC,Ministério da Defesa,303,2011
2 GRUPO DE ARTILHARIA DE CAMPANHA LEVE,Ministério da Defesa,218,2014
HOSPITAL MILITAR DE AREA DE SAO PAULO,Ministério da Defesa,3418,2013
15 BATALHAO LOGISTICO,Ministério da Defesa,13637,2015
DIRETORIA DE SAUDE DA MARINHA,Ministério da Defesa,74206,2011
DIRETORIA DE SAUDE DA MARINHA,Ministério da Defesa,13450,2012
DIRETORIA DE SAUDE DA MARINHA,Ministério da Defesa,6072,2013
POLICLINICA NAVAL NOSSA SENHORA DA GLORIA,Ministério da Defesa,399,2012
HOSPITAL NAVAL MARCILIO DIAS,Ministério da Defesa,44544,2011
HOSPITAL NAVAL MARCILIO DIAS,Ministério da Defesa,49393,2012
HOSPITAL NAVAL MARCILIO DIAS,Ministério da Defesa,34383,2013
HOSPITAL NAVAL MARCILIO DIAS,Ministério da Defesa,23041,2014
HOSPITAL NAVAL MARCILIO DIAS,Ministério da Defesa,56533,2015
HOSPITAL NAVAL MARCILIO DIAS,Ministério da Defesa,2323215,2016
HOSPITAL NAVAL MARCILIO DIAS,Ministério da Defesa,8284,2017
CENTRO DE OBTENCAO DA MARINHA NO R.J.,Ministério da Defesa,38360,2011
CENTRO DE OBTENCAO DA MARINHA NO R.J.,Ministério da Defesa,23175,2012
CENTRO DE OBTENCAO DA MARINHA NO R.J.,Ministério da Defesa,9833,2013
CENTRO DE OBTENCAO DA MARINHA NO R.J.,Ministério da Defesa,48642,2014
HOSPITAL NAVAL DE BELEM,Ministério da Defesa,7397,2011
HOSPITAL NAVAL DE LADARIO,Ministério da Defesa,1216,2015
RASILEIRA DE TRENS URBANOS-ADM.CENTRAL,Ministério das Cidades,7811,2015
INSTITUTO DE PSIQUIATRIA DA UFRJ,Ministério da Educação,2632,2012
INSTITUTO DE PSIQUIATRIA DA UFRJ,Ministério da Educação,986,2013
CASA GERONTOLOGICA DA AER. BRIG.EDUARDO GOMES,Ministério da Defesa,119,2012
4 COMPANHIA DE COMUNICACOES,Ministério da Defesa,170,2014
8 ESQUADRAO DE CAVALARIA MECANIZADO,Ministério da Defesa,132,2012
55 BATALHAO DE INFANTARIA,Ministério da Defesa,3399,2011
HOSPITAL GERAL DE SALVADOR,Ministério da Defesa,2621,2011
HOSPITAL GERAL DE SALVADOR,Ministério da Defesa,12911,2012
HOSPITAL GERAL DE SALVADOR,Ministério da Defesa,8486,2013
HOSPITAL GERAL DE FORTALEZA,Ministério da Defesa,2384,2011
1 REGIMENTO DE CAVALARIA DE GUARDA,Ministério da Defesa,473,2013
COLEGIO MILITAR DE CURITIBA,Ministério da Defesa,210,2011
HOSPITAL MILITAR DE AREA DE BRASILIA,Ministério da Defesa,130657,2011
HOSPITAL MILITAR DE AREA DE BRASILIA,Ministério da Defesa,2215,2012
HOSPITAL MILITAR DE AREA DE BRASILIA,Ministério da Defesa,5083,2013
HOSPITAL MILITAR DE AREA DE BRASILIA,Ministério da Defesa,24836,2015
HOSPITAL MILITAR DE AREA DE BRASILIA,Ministério da Defesa,101201,2016
38  BATALHAO DE INFANTARIA,Ministério da Defesa,528,2011
11 BATALAHO DE ENGENHARIA DE CONSTRUCAO,Ministério da Defesa,1620,2011
11 BATALAHO DE ENGENHARIA DE CONSTRUCAO,Ministério da Defesa,5215,2015
11.BATALHAO DE INFANTARIA DE MONTANHA,Ministério da Defesa,1666,2011
HOSPITAL MILITAR DE AREA DE CAMPO GRANDE,Ministério da Defesa,2101,2011
HOSPITAL MILITAR DE AREA DE CAMPO GRANDE,Ministério da Defesa,479,2012
HOSPITAL MILITAR DE AREA DE CAMPO GRANDE,Ministério da Defesa,1368,2013
HOSPITAL MILITAR DE AREA DE CAMPO GRANDE,Ministério da Defesa,1206,2014
HOSPITAL MILITAR DE AREA DE CAMPO GRANDE,Ministério da Defesa,6406,2016
HOSPITAL MILITAR DE AREA DE CAMPO GRANDE,Ministério da Defesa,491360,2017
HOSPITAL GERAL DE BELEM,Ministério da Defesa,18065,2011
HOSPITAL GERAL DE BELEM,Ministério da Defesa,6885,2012
HOSPITAL GERAL DE BELEM,Ministério da Defesa,124,2017
HOSPITAL MILITAR DE AREA DE RECIFE,Ministério da Defesa,238,2011
HOSPITAL MILITAR DE AREA DE RECIFE,Ministério da Defesa,1253959,2017
5. BATALHAO DE SUPRIMENTO,Ministério da Defesa,186,2011
1 BATALHAO DE COMUNICACOES DIVISIONARIO,Ministério da Defesa,1509,2013
HOSPITAL CENTRAL DO EXERCITO,Ministério da Defesa,5814,2011
HOSPITAL CENTRAL DO EXERCITO,Ministério da Defesa,1471,2012
HOSPITAL DA GUARNICAO DE ALEGRETE,Ministério da Defesa,2109,2012
HOSPITAL DA GUARNICAO DE ALEGRETE,Ministério da Defesa,5893,2014
HOSPITAL DA GUARNICAO DE ALEGRETE,Ministério da Defesa,5984,2015
HOSPITAL DE GUARNICAO DE BAGE,Ministério da Defesa,1529,2011
HOSPITAL DE GUARNICAO DE BAGE,Ministério da Defesa,1751,2013
3 BATALHAO DE POLICIA DO EXERCITO,Ministério da Defesa,200,2012
POLICLINICA MILITAR DE PORTO ALEGRE,Ministério da Defesa,3695,2015
HOSPITAL DE GUARNICAO DE SANTA MARIA,Ministério da Defesa,157,2011
HOSPITAL DE GUARNICAO DE SANTA MARIA,Ministério da Defesa,24753,2012
HOSPITAL DE GUARNICAO DE SANTA MARIA,Ministério da Defesa,210424,2013
HOSPITAL DE GUARNICAO DE SANTA MARIA,Ministério da Defesa,321306,2014
HOSPITAL DE GUARNICAO DE SANTA MARIA,Ministério da Defesa,210090,2015
HOSPITAL DE GUARNICAO DE SANTA MARIA,Ministério da Defesa,90078,2016
HOSPITAL DE GUARNICAO DE SANTA MARIA,Ministério da Defesa,278675,2017
HOSPITAL DE GUARNICAO DE SANTIAGO,Ministério da Defesa,2650,2011
HOSPITAL DE GUARNICAO DE SANTIAGO,Ministério da Defesa,1624,2012
HOSPITAL DE GUARNICAO DE SANTIAGO,Ministério da Defesa,4243,2013
HOSPITAL DE GUARNICAO DE SANTIAGO,Ministério da Defesa,1621,2017
COMANDO 2 BRIGADA DE CAVALARIA MECANIZADA,Ministério da Defesa,29,2015
HOSPITAL DE GUARNICAO DE FLORIANOPOLIS,Ministério da Defesa,1869,2011
HOSPITAL DE GUARNICAO DE FLORIANOPOLIS,Ministério da Defesa,13328,2012
HOSPITAL DE GUARNICAO DE FLORIANOPOLIS,Ministério da Defesa,13230,2013
HOSPITAL DE GUARNICAO DE FLORIANOPOLIS,Ministério da Defesa,7065,2014
HOSPITAL DE GUARNICAO DE FLORIANOPOLIS,Ministério da Defesa,27566,2015
HOSPITAL DE GUARNICAO DE FLORIANOPOLIS,Ministério da Defesa,91968,2016
HOSPITAL DE GUARNICAO DE FLORIANOPOLIS,Ministério da Defesa,186654,2017
COMANDO/1A BRIGADA DE INFANTARIA DE SELVA,Ministério da Defesa,850,2011
COMANDO DA 16A BRIGADA DE INFANTARIA DE SELVA,Ministério da Defesa,3454,2011
COMANDO DA 16A BRIGADA DE INFANTARIA DE SELVA,Ministério da Defesa,2975,2012
HOSPITAL DE GUARN. DE S. GABRIEL DA CACHOEIRA,Ministério da Defesa,2330,2013
UNIDADE INTEGRADA DE SAUDE MENTAL,Ministério da Defesa,1065,2016
UNIDADE INTEGRADA DE SAUDE MENTAL,Ministério da Defesa,58596,2017
HOSPITAL NAVAL_DE SALVADOR,Ministério da Defesa,15159,2011
HOSPITAL NAVAL_DE SALVADOR,Ministério da Defesa,3906,2012
HOSPITAL NAVAL_DE SALVADOR,Ministério da Defesa,1399,2013
HOSPITAL NAVAL DE RECIFE,Ministério da Defesa,3409,2011
HOSPITAL NAVAL DE RECIFE,Ministério da Defesa,1054,2012
HOSPITAL NAVAL DE RECIFE,Ministério da Defesa,3293,2013
HOSPITAL NAVAL DE RECIFE,Ministério da Defesa,4657,2014
CAPITANIA DOS PORTOS DO PARANA,Ministério da Defesa,405,2011
HOSPITAL NAVAL DE BRASILIA,Ministério da Defesa,1395,2011
HOSPITAL NAVAL DE BRASILIA,Ministério da Defesa,5315,2012
CENTRO DE OBTENCAO DA MARINHA NO R.J.,Ministério da Defesa,5316,2013
CENTRO DE OBTENCAO DA MARINHA NO R.J.,Ministério da Defesa,3409,2014
16 BATALHAO LOGISTICO,Ministério da Defesa,1829,2011
11. DEPOSITO DE SUPRIMENTO,Ministério da Defesa,1312,2011
HOSPITAL MILITAR DE AREA DE PORTO ALEGRE,Ministério da Defesa,44498,2011
HOSPITAL MILITAR DE AREA DE PORTO ALEGRE,Ministério da Defesa,13867,2012
HOSPITAL MILITAR DE AREA DE PORTO ALEGRE,Ministério da Defesa,1836,2013
HOSPITAL MILITAR DE AREA DE PORTO ALEGRE,Ministério da Defesa,99422,2015
HOSPITAL MILITAR DE AREA DE PORTO ALEGRE,Ministério da Defesa,521824,2016
HOSPITAL MILITAR DE AREA DE PORTO ALEGRE,Ministério da Defesa,40189,2017
28 GRUPO DE ARTILHARIA DE CAMPANHA,Ministério da Defesa,1853,2011
28 GRUPO DE ARTILHARIA DE CAMPANHA,Ministério da Defesa,1540,2014
4. DEPOSITO DE SUPRIMENTO,Ministério da Defesa,120,2013
5 COMPANHIA DE COMUNICACOES BLINDADA,Ministério da Defesa,462,2014
5 GRUPO DE ARTILHARIA DE CAMPANHA/AP,Ministério da Defesa,3081,2014
DISTRITO SANIT.ESP.INDIGENA - LESTE RR,Ministério da Saúde,74563,2012
DISTRITO SANIT.ESP.INDIGENA - LESTE RR,Ministério da Saúde,1403,2013
DISTRITO SANIT.ESP.INDIGENA - YANOMAMI,Ministério da Saúde,15664,2012
UNIFESP-HOSP. UNIVERSITARIO,Órgão Genérico Geratriz,68878,2013
UNIFESP-HOSP. UNIVERSITARIO,Órgão Genérico Geratriz,1741,2014
INST.NACIONAL DE INFECTOLOGIA EVANDRO CHAGAS,Ministério da Saúde,665,2015
INST.NACIONAL DE INFECTOLOGIA EVANDRO CHAGAS,Ministério da Saúde,35520,2016
INST.NACIONAL DE INFECTOLOGIA EVANDRO CHAGAS,Ministério da Saúde,361188,2017
GRUPAMENTO DE APOIO DA SAUDE,Ministério da Defesa,152766,2015
GRUPAMENTO DE APOIO DA SAUDE,Ministério da Defesa,54765,2016
GRUPAMENTO DE APOIO DA SAUDE,Ministério da Defesa,1747099,2017
EBSERH - HOSPITAL UNIVERSITARIO DE BRASILIA,Órgão Genérico Geratriz,40227,2015
EBSERH - HOSPITAL UNIVERSITARIO DE BRASILIA,Órgão Genérico Geratriz,112549,2016
EBSERH - HOSPITAL UNIVERSITARIO DE BRASILIA,Órgão Genérico Geratriz,135662,2017
EBSERH - HOSPITAL UNIVERSITARIO DE NATAL,Órgão Genérico Geratriz,1218,2015
EBSERH - HOSPITAL UNIVERSITARIO DE NATAL,Órgão Genérico Geratriz,202852,2016
EBSERH - HOSPITAL UNIVERSITARIO DE NATAL,Órgão Genérico Geratriz,633125,2017
EBSERH - MATERNIDADE JANUARIO CICCO,Órgão Genérico Geratriz,13561,2017
EBSERH - HOSPITAL UNIVERSITARIO DE SERGIPE,Órgão Genérico Geratriz,46372,2016
EBSERH HUSM-UFSM,Órgão Genérico Geratriz,122389,2015
EBSERH HUSM-UFSM,Órgão Genérico Geratriz,44361,2016
EBSERH HUSM-UFSM,Órgão Genérico Geratriz,195087,2017
EBSERH HUMAP-UFMS,Órgão Genérico Geratriz,37423,2015
EBSERH HUMAP-UFMS,Órgão Genérico Geratriz,144344,2016
EBSERH HUMAP-UFMS,Órgão Genérico Geratriz,470923,2017
GRUPAMENTO DE APOIO DO DISTRITO FED,Ministério da Defesa,2383,2016
GRUPAMENTO DE APOIO DO DISTRITO FED,Ministério da Defesa,136770,2017
HOSPITAL DE DOENÇAS TROPICAIS DA UFT,Órgão Genérico Geratriz,39962,2016
HOSPITAL DE DOENÇAS TROPICAIS DA UFT,Órgão Genérico Geratriz,322500,2017
EBSERH HU-UFMA,Órgão Genérico Geratriz,25733,2017
NUCLEO DO GRUPAMENTO DE APOIO DE CANOAS,Ministério da Defesa,218697,2017
